name,gender,total_count
James,M,4924235
John,M,4818746
Robert,M,4703680
Michael,M,4280040
William,M,3811998
Mary,F,3728041
David,M,3541625
Richard,M,2526927
Joseph,M,2467298
Charles,M,2237170
Thomas,M,2209169
Christopher,M,1980717
Daniel,M,1838509
Patricia,F,1567405
Matthew,M,1535407
Elizabeth,F,1490772
Jennifer,F,1460272
Linda,F,1445838
Barbara,F,1422631
Donald,M,1400589
Anthony,M,1381676
Paul,M,1353757
Mark,M,1337534
George,M,1316531
Steven,M,1267733
Kenneth,M,1258091
Andrew,M,1226185
Edward,M,1208595
Joshua,M,1160468
Brian,M,1154168
Kevin,M,1146126
Margaret,F,1120006
Susan,F,1107916
Ronald,M,1072932
Timothy,M,1054028
Dorothy,F,1051262
Jessica,F,1036257
Sarah,F,1006050
Jason,M,1005966
Betty,F,983791
Nancy,F,983374
Karen,F,981409
Jeffrey,M,967716
Lisa,F,961678
Gary,M,895996
Helen,F,894826
Ryan,M,889757
Sandra,F,870181
Nicholas,M,865895
Eric,M,860028
Jacob,M,847905
Stephen,M,844209
Ashley,F,830106
Donna,F,826361
Kimberly,F,824429
Frank,M,816936
Carol,F,811954
Jonathan,M,802025
Michelle,F,801645
Larry,M,800400
Emily,F,779413
Amanda,F,768465
Scott,M,765014
Justin,M,755211
Laura,F,745290
Melissa,F,744479
Raymond,M,743506
Deborah,F,735472
Brandon,M,733556
Stephanie,F,731654
Rebecca,F,728484
Ruth,F,728315
Anna,F,719411
Sharon,F,718112
Kathleen,F,702969
Cynthia,F,702577
Gregory,M,700633
Samuel,M,681058
Shirley,F,679653
Amy,F,672802
Benjamin,M,663857
Patrick,M,654858
Angela,F,653194
Jack,M,633610
Virginia,F,621243
Dennis,M,610508
Catherine,F,605850
Jerry,M,604287
Brenda,F,603563
Alexander,M,596539
Katherine,F,593004
Pamela,F,591193
Nicole,F,576131
Christine,F,573761
Henry,M,570142
Tyler,M,562300
Walter,M,557213
Peter,M,553422
Douglas,M,552582
Janet,F,550385
Samantha,F,548181
Debra,F,547670
Carolyn,F,547665
Rachel,F,544826
Aaron,M,541626
Jose,M,533509
Frances,F,529027
Harold,M,524787
Adam,M,523320
Heather,F,521581
Maria,F,521058
Diane,F,514742
Zachary,M,511480
Nathan,M,503753
Joyce,F,502329
Julie,F,501917
Evelyn,F,496320
Emma,F,492653
Martha,F,490102
Carl,M,476806
Joan,F,475496
Arthur,M,472842
Alice,F,467668
Kelly,F,467047
Kyle,M,466929
Christina,F,466156
Marie,F,461275
Lauren,F,454889
Ann,F,449173
Doris,F,448027
Victoria,F,447472
Judith,F,446749
Jean,F,445898
Gerald,M,441420
Albert,M,439947
Lawrence,M,438801
Cheryl,F,436702
Roger,M,433889
Megan,F,431868
Keith,M,429862
Kathryn,F,429530
Jeremy,M,423462
Joe,M,421847
Andrea,F,419210
Terry,M,418204
Jacqueline,F,414458
Rose,F,411652
Willie,M,410924
Sean,M,408264
Gloria,F,406196
Teresa,F,404846
Sara,F,404174
Julia,F,402376
Janice,F,401873
Mildred,F,394652
Grace,F,392578
Hannah,F,390983
Jesse,M,389853
Ralph,M,388978
Theresa,F,387089
Austin,M,379926
Christian,M,379362
Billy,M,378482
Judy,F,377759
Bruce,M,375560
Roy,M,373600
Beverly,F,373389
Denise,F,368343
Bryan,M,367336
Marilyn,F,364696
Amber,F,363518
Eugene,M,361813
Louis,M,361272
Danielle,F,360521
Harry,M,355417
Brittany,F,354835
Ethan,M,353343
Jane,F,352736
Olivia,F,350534
Diana,F,349940
Wayne,M,346987
Lillian,F,343207
Jordan,M,342158
Russell,M,340309
Lori,F,338386
Madison,F,335865
Alan,M,334427
Tiffany,F,332761
Kathy,F,330467
Tammy,F,329452
Philip,M,328149
Juan,M,326290
Kayla,F,324376
Crystal,F,324178
Randy,M,323958
Howard,M,323582
Alexis,F,322126
Dylan,M,320231
Natalie,F,317909
Vincent,M,317328
Phyllis,F,317153
Lois,F,316913
Bonnie,F,316213
Bobby,M,309338
Erin,F,307028
Abigail,F,306166
Irene,F,305824
Anne,F,303595
Johnny,M,303536
Taylor,F,303521
Ruby,F,301607
Phillip,M,299905
Victor,M,298240
Fred,M,297165
Shawn,M,297155
Craig,M,295022
Noah,M,293556
Travis,M,293539
Bradley,M,293232
Gabriel,M,292813
Shannon,F,291930
Alyssa,F,291366
Martin,M,289101
Peggy,F,288463
Stanley,M,287804
Tina,F,286345
Robin,F,286074
Charlotte,F,285512
Dawn,F,285288
Jimmy,M,281136
Louise,F,280962
Todd,M,278375
Danny,M,277672
Leonard,M,276973
Rita,F,276217
Wanda,F,276113
Ernest,M,274749
Cody,M,274382
Annie,F,273829
Allison,F,273624
Dale,M,273110
Paula,F,272645
Carlos,M,269004
Norma,F,268421
Francis,M,265316
Clarence,M,264997
Logan,M,264966
Earl,M,263448
Jamie,F,263070
Connie,F,261755
Leslie,F,260039
Sophia,F,258267
Wendy,F,257725
Marjorie,F,257247
Allen,M,255635
Courtney,F,253956
Cindy,F,252879
Luis,M,252283
Josephine,F,252156
Isabella,F,252055
Joel,M,251796
Elaine,F,251731
Alex,M,251346
Curtis,M,250902
Audrey,F,250094
Ellen,F,248319
Tracy,F,247597
Valerie,F,247245
Florence,F,245973
Vanessa,F,244354
Eleanor,F,244213
Nathaniel,M,244088
Frederick,M,243994
Cameron,M,242784
Norman,M,242494
Monica,F,242420
Marvin,M,242266
Tony,M,242030
Rodney,M,241203
Caleb,M,240532
Glenn,M,240171
Brianna,F,236858
Chad,M,236545
Evan,M,234626
Sheila,F,234598
Steve,M,233776
Melvin,M,233747
April,F,233089
Jasmine,F,232262
Antonio,M,230554
Melanie,F,228197
Isaac,M,227582
Sherry,F,226862
Erica,F,226788
Edna,F,225830
Jeffery,M,225767
Sylvia,F,224567
Edwin,M,223580
Carrie,F,222590
Elijah,M,221613
Alfred,M,221521
Derek,M,221172
Michele,F,220743
Alicia,F,218249
Gladys,F,217515
Luke,M,217038
Ricky,M,217023
Alexandra,F,216981
Marcus,M,215787
Suzanne,F,215292
Ella,F,215286
Katie,F,215237
Kristen,F,214949
Lee,M,214073
Edith,F,211143
Jesus,M,209904
Herbert,M,207867
Joanne,F,207734
Veronica,F,207301
Esther,F,207119
Anita,F,206935
Dolores,F,205974
Rhonda,F,205640
Theodore,M,205638
Jill,F,205338
Geraldine,F,203657
Mason,M,203458
Troy,M,203217
Lorraine,F,202985
Thelma,F,201771
Morgan,F,201391
Dustin,M,201124
Eva,F,201093
Adrian,M,201050
Angel,M,201007
Pauline,F,200162
Darlene,F,200124
Ian,M,199224
Juanita,F,198093
Gail,F,197851
Eddie,M,197477
Mike,M,197143
Holly,F,195480
Clara,F,195385
Ethel,F,195052
Lucille,F,194353
Hunter,M,194228
Sally,F,194210
Jared,M,193545
Wesley,M,193370
Randall,M,193304
Leah,F,192618
Caroline,F,192432
Bernard,M,188356
Ray,M,187759
Hazel,F,187622
Dana,F,187246
Lucas,M,187145
Leroy,M,186837
Debbie,F,184807
Calvin,M,184411
Vivian,F,182703
Shane,M,182181
June,F,181706
Ava,F,180889
Jay,M,180757
Renee,F,180020
Brooke,F,179302
Eileen,F,178871
Lynn,F,177893
Ronnie,M,177518
Jackson,M,177392
Corey,M,176781
Barry,M,176711
Kristin,F,176668
Kim,F,176638
Clifford,M,175971
Connor,M,175572
Jo,F,175428
Isaiah,M,173621
Tara,F,171128
Tommy,M,170884
Manuel,M,170800
Oscar,M,170576
Chloe,F,167683
Regina,F,167582
Cathy,F,167254
Julian,M,165788
Warren,M,165463
Roberta,F,164453
Bernice,F,163444
Leo,M,163203
Cassandra,F,163084
Marion,F,163006
Dean,M,162727
Jon,M,162509
Laurie,F,162501
Annette,F,161627
Don,M,161433
Miguel,M,161394
Loretta,F,161366
Madeline,F,161340
Jeremiah,M,160321
Stacy,F,159758
Beatrice,F,159453
Colleen,F,158861
Jeanne,F,158320
Mia,F,158169
Kaitlyn,F,156059
Mitchell,M,155983
Jayden,M,155937
Claire,F,155748
Jeanette,F,155011
Beth,F,154898
Darrell,M,154870
Blake,M,154706
Brett,M,154693
Sydney,F,154373
Bill,M,154227
Chelsea,F,153996
Jerome,M,153835
Joann,F,152878
Lindsey,F,152508
Seth,M,151610
Leon,M,151146
Vicki,F,150762
Yvonne,F,150495
Molly,F,150200
Trevor,M,150088
Lloyd,M,149706
Haley,F,149417
Micheal,M,149341
Rosemary,F,149132
Gina,F,148992
Alvin,M,148558
Lucy,F,148270
Gavin,M,147963
Gordon,M,146319
Erik,M,145862
Rosa,F,145071
Stacey,F,144931
Carla,F,144187
Aiden,M,143990
Devin,M,143614
Terri,F,143372
Kelsey,F,141317
Jim,M,140556
Savannah,F,140242
Maureen,F,139757
Hailey,F,139513
Floyd,M,138945
Jenna,F,138395
Vernon,M,138312
Shelby,F,138208
Chase,M,138001
Sue,F,137535
Arlene,F,137153
Heidi,F,137131
Destiny,F,136979
Derrick,M,136954
Chris,M,136952
Bertha,F,136898
Dominic,M,136418
Mario,M,136042
Brent,M,135519
Marc,M,135138
Charlie,M,135053
Edgar,M,134778
Lewis,M,133713
Owen,M,133294
Naomi,F,132671
Constance,F,132575
Kristina,F,132284
Lydia,F,131969
Wilma,F,131572
Melinda,F,131378
Sabrina,F,131228
Deanna,F,130986
Ricardo,M,130813
Charlene,F,129153
Carmen,F,128828
Marian,F,128638
Marcia,F,128616
Elsie,F,128479
Max,M,128397
Jessie,F,128300
Joy,F,127921
Tamara,F,127648
Paige,F,127539
Franklin,M,126603
Georgia,F,126395
Clyde,M,126333
Lindsay,F,126194
Maurice,M,125649
Katelyn,F,125424
Tom,M,125304
Marlene,F,125112
Jordan,F,124763
Amelia,F,124600
Gabrielle,F,124149
Alma,F,123875
Ida,F,123457
Francisco,M,122923
Cory,M,122648
Gene,M,121745
Willie,F,121125
Garrett,M,120766
Gilbert,M,120439
Jorge,M,120340
Erika,F,120246
Stella,F,120066
Alejandro,M,120034
Gertrude,F,119826
Landon,M,119480
Clayton,M,119376
Glen,M,119099
Herman,M,118908
Claudia,F,118886
Tonya,F,117845
Lester,M,117800
Liam,M,117286
Faith,F,116618
Cole,M,116224
Patsy,F,115327
Marissa,F,115305
Agnes,F,114415
Jeff,M,114349
Delores,F,114225
Andre,M,113399
Tanya,F,113396
Vera,F,113065
Ivan,M,112923
Colin,M,111730
Priscilla,F,111079
Lillie,F,110983
Duane,M,110635
Gwendolyn,F,110140
Nina,F,109344
Daisy,F,109314
Mackenzie,F,109305
Xavier,M,109282
Lily,F,109184
Caitlin,F,108684
Yolanda,F,108237
Jake,M,108222
Grant,M,107821
Elmer,M,107632
Carole,F,107418
Kaylee,F,107356
Vickie,F,107356
Chester,M,107290
Milton,M,106984
Jimmie,M,106192
Spencer,M,105861
Maxine,F,105685
Wyatt,M,105447
Glenda,F,105349
Casey,M,105240
Alison,F,105180
Harvey,M,104920
Reginald,M,104476
Brandy,F,104152
Leslie,M,103838
Miranda,F,103756
Angelina,F,103691
Violet,F,103026
Bessie,F,102962
Taylor,M,102915
Carter,M,102898
Autumn,F,102806
Ruben,M,102613
Sam,M,102159
Sebastian,M,101830
Alexa,F,101660
Roberto,M,101293
Marsha,F,101199
Levi,M,100635
Brandi,F,99705
Pearl,F,99423
Margie,F,99326
Lance,M,98979
Aidan,M,98926
Isabel,F,98560
Jessie,M,98418
Darren,M,98275
Dan,M,97804
Nora,F,97764
Katrina,F,97168
Viola,F,97087
Nellie,F,97063
Preston,M,96956
Bryce,M,96913
Arnold,M,96558
Neil,M,96273
Mariah,F,96253
Cecil,M,96093
Billie,F,96032
Toni,F,95786
Oliver,M,95480
Miriam,F,95426
Christy,F,95296
Lena,F,94894
Eduardo,M,94698
Kara,F,94364
Karl,M,93930
Zoe,F,93872
Joanna,F,93568
Terry,F,93549
Hector,M,93336
Kay,F,93334
Gabriella,F,93295
Johnnie,M,92962
Penny,F,92689
Tristan,M,92664
Meghan,F,92386
Dianne,F,92324
Bethany,F,92222
Whitney,F,92188
Natasha,F,92040
Kylie,F,92028
Makayla,F,91848
Colton,M,91742
Sierra,F,91632
Jocelyn,F,91417
Ana,F,90781
Genevieve,F,90723
Jennie,F,90628
Clinton,M,90289
Mattie,F,90047
Addison,F,89722
Roland,M,89245
Brayden,M,89191
Minnie,F,89188
Alexandria,F,89112
Diego,M,89023
Kendra,F,88979
Briana,F,88429
Angel,F,88335
Bob,M,88245
Allan,M,88202
Darryl,M,87806
Javier,M,87550
Sophie,F,87340
Myrtle,F,87071
Sofia,F,86945
Fernando,M,86927
Felicia,F,86730
Lonnie,M,86599
Jackie,F,86597
Johnathan,M,86096
Leona,F,85494
Jenny,F,85390
Bailey,F,85206
Omar,M,84372
Tracey,F,84082
Angelica,F,84075
Brendan,M,84044
Bobbie,F,83771
Melody,F,83662
Karla,F,83352
Becky,F,83240
Bridget,F,83156
Tanner,M,83133
Hayden,M,82604
Misty,F,82127
Maggie,F,82018
Shelly,F,81590
Candace,F,81574
Sherri,F,81490
Everett,M,81383
Kurt,M,81374
Jamie,M,81163
Kristine,F,80902
Sadie,F,80812
Dakota,M,80594
Eli,M,80513
Pedro,M,80325
Brittney,F,80219
Marshall,M,80180
Jacquelyn,F,80094
Riley,M,80091
Brad,M,80009
Avery,F,79907
Cecilia,F,79592
Cora,F,79482
Andy,M,78984
Carson,M,78963
Adriana,F,78958
Breanna,F,78697
Guy,M,78645
Raul,M,78468
Tim,M,78385
Desiree,F,78315
Rick,M,77964
Hope,F,77388
Kelly,M,77367
Jillian,F,77277
Jodi,F,77044
Dora,F,76829
Rachael,F,76779
Aubrey,F,76685
Geneva,F,76615
Claude,M,76448
Sheryl,F,76219
Brady,M,76074
Ariana,F,76016
Riley,F,75904
Parker,M,75732
Monique,F,75481
Mae,F,75015
Velma,F,74798
Nicolas,M,74738
Greg,M,74718
Tyrone,M,74675
Jackie,M,74502
Lynda,F,74317
Kristi,F,74198
Ross,M,74133
Maya,F,73721
Marguerite,F,73646
Byron,M,73404
Micah,M,73313
Sidney,M,73250
Wallace,M,73247
Dwight,M,72913
Casey,F,72873
Kelli,F,72796
Andres,M,72568
Dalton,M,72390
Harriet,F,72368
Brooklyn,F,72136
Abraham,M,71698
Mabel,F,71586
Maxwell,M,71471
Gabriela,F,71351
Krystal,F,71130
Dwayne,M,71015
Krista,F,70808
Josiah,M,70460
Antoinette,F,70359
Arianna,F,70014
Shelley,F,69867
Ted,M,69763
Rafael,M,69286
Hugh,M,69228
Willard,M,69180
Jade,F,68856
Sergio,M,68727
Isabelle,F,68579
Summer,F,68496
Nelson,M,68423
Ben,M,68263
Angelo,M,68098
Iris,F,68081
Belinda,F,67884
Kristy,F,67831
Rebekah,F,67813
Freddie,M,67775
Ramon,M,67642
Collin,M,67484
Drew,M,67391
Mathew,M,67359
Nolan,M,67338
Perry,M,67272
Meredith,F,66836
Terrence,M,66464
Bianca,F,66382
Damian,M,66370
Armando,M,66354
Shaun,M,65963
Madelyn,F,65890
Lola,F,65799
Devon,M,65584
Eunice,F,65476
Sandy,F,64964
Trinity,F,64730
Cesar,M,64679
Rosie,F,64663
Candice,F,64645
Aaliyah,F,64373
Julius,M,64242
Hilda,F,64186
Kaleb,M,64114
Jaden,M,64003
Terrance,M,63890
Kent,M,63617
Stuart,M,63415
Janie,F,63364
Kirk,M,63299
Marion,M,63184
Virgil,M,62836
Marco,M,62590
Ramona,F,62554
Clifton,M,62536
Irma,F,62261
Jaime,M,62223
Susie,F,62072
Cheyenne,F,61962
Morris,M,61932
Kate,F,61792
Erick,M,61742
Nichole,F,61310
Wade,M,61242
Jeannette,F,61216
Adrienne,F,61128
Jonathon,M,61065
Sonya,F,60445
Nevaeh,F,60365
Guadalupe,F,59713
Sonia,F,59652
Emmanuel,M,59635
Marianne,F,59528
Gracie,F,59509
Patty,F,59339
Cooper,M,59192
Faye,F,59073
Rosalie,F,58965
Ada,F,58732
Lynne,F,58716
Carly,F,58670
Yvette,F,58583
Daryl,M,58462
Robyn,F,58363
Rickey,M,58208
Sheri,F,58167
Alberta,F,58109
Jada,F,58090
Kristopher,M,57939
Gayle,F,57912
Dillon,M,57874
Hattie,F,57615
Miles,M,57138
Fredrick,M,57123
Ariel,F,56998
Verna,F,56941
Damon,M,56653
Elena,F,56519
Alexis,M,56503
Tracy,M,56439
Maryann,F,56356
Donnie,M,56024
Marcella,F,55945
Opal,F,55892
Kari,F,55860
Dave,M,55857
Camille,F,55800
Lee,F,55600
Cristian,M,55570
Felix,M,55545
Kaitlin,F,55486
Blanche,F,55135
Alberto,M,54622
Tabitha,F,54590
Dominick,M,54552
Angie,F,54370
Julio,M,54126
Ashton,M,54068
Roxanne,F,53998
Fannie,F,53862
Layla,F,53685
Luther,M,53451
Harrison,M,53336
Malcolm,M,53271
Elias,M,53251
Peyton,F,53221
Karina,F,53088
Jody,F,52886
Gerard,M,52716
Alisha,F,52469
Lula,F,52367
Inez,F,52162
Valeria,F,52075
Dianna,F,51897
Giovanni,M,51845
Abby,F,51700
Lorenzo,M,51680
Jan,F,51562
Salvatore,M,51373
Beulah,F,51231
Elise,F,51165
Enrique,M,51093
Rex,M,50871
Lyle,M,50857
Brody,M,50833
Dallas,M,50782
Earnest,M,50376
Caden,M,50363
Geoffrey,M,50346
Daniela,F,50276
Hubert,M,50190
Traci,F,50112
Gage,M,49950
Ayden,M,49770
Vicky,F,49761
Myra,F,49737
Lila,F,49692
Kirsten,F,49664
Trenton,M,49641
Olga,F,49537
Zoey,F,49531
Kaden,M,49529
Mallory,F,49483
Homer,M,49440
Gianna,F,49437
Natalia,F,49433
Cassidy,F,49336
Wilbur,M,49233
Caitlyn,F,49070
Israel,M,49046
Kennedy,F,49035
Otis,M,48807
Alfredo,M,48801
Aimee,F,48737
Celeste,F,48679
Dana,M,48675
Neal,M,48626
Jonah,M,48598
Arturo,M,48448
Kellie,F,48371
Wendell,M,48329
Damien,M,48313
Mikayla,F,48273
Kendall,F,48053
Shannon,M,48041
Mckenzie,F,47707
Bernadette,F,47622
Lynn,M,47587
Muriel,F,47504
Flora,F,47398
Gretchen,F,47381
Mamie,F,47251
Dominique,F,47226
Cristina,F,47112
Janelle,F,47082
Joey,M,47063
Nadine,F,46962
Jaime,F,46829
Donovan,M,46820
Lacey,F,46500
Cara,F,46277
Kerry,M,46218
Rudolph,M,46134
Alana,F,46021
Gerardo,M,45999
Erma,F,45986
Bennie,M,45778
Kenny,M,45755
Colby,M,45704
Trent,M,45692
Genesis,F,45651
Simon,M,45642
Conner,M,45640
Kerry,F,45621
Jaclyn,F,45552
Alec,M,45474
Kelvin,M,45454
Alejandra,F,45402
Darius,M,45395
Marisa,F,45352
Della,F,45235
Rosemarie,F,45215
Allyson,F,44931
Janis,F,44930
Horace,M,44925
Shelia,F,44847
Hayley,F,44740
Michaela,F,44583
Leonardo,M,44442
Roman,M,44380
Raquel,F,44284
Randolph,M,44227
Lana,F,44060
Latoya,F,43952
Garry,M,43864
Leland,M,43764
Cecelia,F,43673
Kelley,F,43622
Juliana,F,43595
Mya,F,43593
Rene,M,43577
Carlton,M,43448
Bryant,M,43376
Kiara,F,43299
Willis,M,43283
Lora,F,43268
Marcos,M,43164
Shawna,F,43015
Johnnie,F,42966
Betsy,F,42911
Paulette,F,42782
Rochelle,F,42727
Payton,F,42485
Doreen,F,42451
Nick,M,42365
Edmund,M,42269
Christie,F,42222
Patti,F,41932
Jordyn,F,41853
Ginger,F,41670
Salvador,M,41650
Ira,M,41636
Skylar,F,41569
Benny,M,41552
Ashlee,F,41463
Rudy,M,41416
Delbert,M,41348
Teri,F,41300
Bryson,M,41184
Celia,F,41167
Josie,F,41079
Callie,F,40990
Selena,F,40970
Josue,M,40854
Jasmin,F,40816
Orlando,M,40781
Roderick,M,40697
Emanuel,M,40683
Liliana,F,40634
Kylee,F,40385
Jana,F,40309
Ashlyn,F,40247
Avery,M,40232
Johanna,F,40224
Loren,M,40138
Mable,F,39978
Peyton,M,39894
Santiago,M,39888
Alton,M,39758
Ty,M,39758
Forrest,M,39679
Esmeralda,F,39595
Robin,M,39592
Meagan,F,39579
Archie,M,39491
Laverne,F,39427
Eloise,F,39342
Braden,M,39226
Tessa,F,39095
Annabelle,F,39072
Chance,M,39061
Mindy,F,39059
Jace,M,39053
Mona,F,39046
Lilly,F,39023
Mercedes,F,38840
Ernestine,F,38785
Myron,M,38686
Jaxon,M,38603
Cassie,F,38597
Lynette,F,38589
Corinne,F,38567
Malik,M,38305
Leticia,F,38242
Adrianna,F,38180
Jermaine,M,38170
Darla,F,38089
Ernesto,M,38065
Pablo,M,38044
Shari,F,37900
Camila,F,37821
Sammy,M,37743
Bella,F,37700
Pat,F,37627
Elisabeth,F,37623
Wilson,M,37514
Grady,M,37442
Estelle,F,37425
Laurel,F,37341
Tricia,F,37225
Alexia,F,37119
Noel,M,37106
Ebony,F,36838
Trisha,F,36775
Serenity,F,36699
Mandy,F,36698
Jazmin,F,36654
Dixie,F,36599
Leigh,F,36541
Rylee,F,36538
Grayson,M,36508
Stacie,F,36461
Yesenia,F,36344
Henrietta,F,36328
Pete,M,36247
Lowell,M,36092
Nikki,F,35906
Tami,F,35868
Sylvester,M,35837
Dante,M,35808
Kristie,F,35756
Irving,M,35687
Frankie,M,35651
Reagan,F,35546
Giselle,F,35434
Brock,M,35296
Cedric,M,35254
Tyson,M,35240
Elisa,F,35200
Eula,F,35099
Clark,M,35086
Kimberley,F,35045
Junior,M,34976
Morgan,M,34969
Ellie,F,34959
Wilbert,M,34945
Nadia,F,34882
Sonja,F,34850
Abel,M,34756
Marla,F,34639
Margarita,F,34613
Carolina,F,34553
Raven,F,34486
Kerri,F,34398
Woodrow,M,34263
Alissa,F,34234
Lorena,F,34200
Stefanie,F,34027
Skyler,M,33924
Zane,M,33901
Bonita,F,33846
Adeline,F,33812
Alfonso,M,33795
Trey,M,33633
Allie,F,33584
Tammie,F,33557
Jalen,M,33529
Malachi,M,33422
Julianna,F,33396
Cheri,F,33387
Lorene,F,33378
Alondra,F,33286
Tasha,F,33270
Nickolas,M,33250
Aurora,F,33187
Gregg,M,33115
Quentin,M,33100
Freda,F,33060
Kyla,F,33058
Serena,F,32930
Winifred,F,32915
Emmett,M,32696
Roosevelt,M,32641
Ron,M,32608
Gustavo,M,32596
Makenzie,F,32573
Alonzo,M,32559
Sherman,M,32484
Laurence,M,32435
Britney,F,32387
Sherrie,F,32364
Saul,M,32217
Bette,F,32099
Kim,M,32076
Justine,F,32065
Anastasia,F,32006
Eliza,F,31984
Jazmine,F,31948
Katharine,F,31896
Ervin,M,31877
Irvin,M,31839
Deloris,F,31767
Ronda,F,31726
Jeannie,F,31716
Jayla,F,31665
Bettie,F,31603
Hanna,F,31597
Clarissa,F,31560
Fabian,M,31459
Pam,F,31340
Olive,F,31261
Francine,F,31259
Tori,F,31224
Penelope,F,31010
Ellis,M,30974
Melba,F,30973
Patrice,F,30928
Jewel,F,30919
Carroll,M,30805
Elliott,M,30760
Terrell,M,30719
Ciara,F,30669
Demetrius,M,30498
Emilio,M,30480
Mollie,F,30428
Madeleine,F,30421
Sasha,F,30398
Clay,M,30389
Harley,M,30347
Shawn,F,30313
Sallie,F,30201
Tracie,F,30136
Sheldon,M,30111
Ismael,M,30010
Kyra,F,29973
Mckenna,F,29966
Therese,F,29961
Braxton,M,29951
Diamond,F,29935
Lesley,F,29924
Leila,F,29920
Mayra,F,29875
Ivy,F,29862
Marina,F,29859
Alaina,F,29828
Lucia,F,29804
Rachelle,F,29790
Alisa,F,29739
Ashleigh,F,29665
Tatiana,F,29607
Janine,F,29595
Tia,F,29591
Marisol,F,29530
Darin,M,29517
Terence,M,29461
Delaney,F,29376
Tommie,M,29360
Kasey,F,29290
Chelsey,F,29276
Keri,F,29240
Reba,F,29234
Lucinda,F,29208
Griffin,M,29197
Christa,F,29172
Rodolfo,M,29077
Moses,M,29077
Trina,F,29016
Kira,F,28908
Mariana,F,28883
Aliyah,F,28778
Charity,F,28699
Cornelius,M,28696
Orville,M,28672
Mack,M,28667
Latasha,F,28605
Graham,M,28562
Asia,F,28552
Kayden,M,28549
Adele,F,28546
Nettie,F,28501
Hudson,M,28236
Rufus,M,28227
Myles,M,28192
Jamal,M,28188
Marty,M,28170
Harper,F,28118
Kassandra,F,28091
Ken,M,28087
Rena,F,28078
Kendall,M,28057
Lamar,M,27931
Jaylen,M,27917
Jody,M,27898
Toby,M,27846
Tucker,M,27837
Myrna,F,27785
Lottie,F,27660
Drake,M,27651
Essie,F,27642
Billie,M,27609
Fern,F,27520
Katelynn,F,27502
Scarlett,F,27427
Lane,M,27333
Elliot,M,27188
Zackary,M,27151
Chandler,M,27121
Clint,M,27068
Teddy,M,26976
Keegan,M,26975
Elbert,M,26961
Shana,F,26912
Zachery,M,26897
Camden,M,26865
Debora,F,26803
Shayla,F,26801
Dewey,M,26801
Lela,F,26781
Lou,F,26776
Janette,F,26697
Bret,M,26693
Doyle,M,26662
Darrin,M,26609
Dorothea,F,26597
Bradford,M,26508
Brennan,M,26496
Jakob,M,26466
Daphne,F,26446
Dena,F,26441
Jayson,M,26361
Lenora,F,26301
Savanna,F,26269
Dawson,M,26263
Ollie,F,26209
Cherie,F,26207
Angeline,F,26167
Dane,M,26131
Conrad,M,26073
Aileen,F,26048
Asher,M,26007
Helene,F,25961
Dina,F,25914
Jasper,M,25882
Guillermo,M,25840
Desmond,M,25825
August,M,25761
Frankie,F,25737
Cierra,F,25670
Addie,F,25638
Randi,F,25583
Dakota,F,25572
Shanna,F,25489
Dick,M,25449
Felipe,M,25445
Antonia,F,25440
Hillary,F,25360
Weston,M,25312
Jolene,F,25286
Merle,M,25285
Darrel,M,25277
Cathleen,F,25267
Randal,M,25256
Fatima,F,25203
Estella,F,25179
Carissa,F,25091
Kayleigh,F,25083
Ora,F,25077
Ryder,M,25046
Joni,F,25033
Noelle,F,25023
Shauna,F,25023
Dexter,M,24984
Leanne,F,24954
Candy,F,24931
Corbin,M,24927
May,F,24802
Esteban,M,24784
Marlon,M,24770
Khloe,F,24769
Beau,M,24672
Delia,F,24610
Blaine,M,24563
Stewart,M,24542
Brenna,F,24534
Karin,F,24525
Branden,M,24517
Heath,M,24472
Kameron,M,24452
Gilberto,M,24401
Cayden,M,24344
Will,M,24321
Piper,F,24318
Silas,M,24315
Aubrey,M,24299
Haylee,F,24292
Fay,F,24281
Quinn,M,24279
Laila,F,24256
Hugo,M,24236
Lucile,F,24225
Deandre,M,24221
Lincoln,M,24155
Tania,F,24046
Helena,F,24027
Etta,F,23951
Julianne,F,23937
Darnell,M,23885
Lea,F,23877
Ezekiel,M,23874
Sondra,F,23850
Macy,F,23779
Imogene,F,23718
Amos,M,23654
Alyson,F,23619
Bert,M,23596
Gwen,F,23556
Lukas,M,23552
Jayne,F,23429
Quinton,M,23398
Angelique,F,23351
Jodie,F,23336
Staci,F,23326
Wilfred,M,23212
Sawyer,M,23169
Kyler,M,23159
Ina,F,23058
Jarrod,M,22942
Lorna,F,22849
Antoine,M,22840
Reese,F,22817
Polly,F,22800
Easton,M,22795
Iva,F,22752
Percy,M,22743
Emil,M,22734
Pat,M,22710
Makenna,F,22709
Eugenia,F,22670
Lionel,M,22660
Mateo,M,22652
Francesca,F,22612
London,F,22600
Solomon,M,22573
Sterling,M,22570
Kai,M,22551
Ezra,M,22549
Cameron,F,22463
Lara,F,22416
Goldie,F,22342
Cleo,F,22293
Keira,F,22232
Tiana,F,22194
Brooklynn,F,22163
Timmy,M,22149
Daniella,F,22149
Elva,F,22125
Jenifer,F,22125
Luz,F,22118
Moises,M,22096
Brenden,M,22089
Johnathon,M,22078
Dewayne,M,22064
Zachariah,M,21995
Guadalupe,M,21972
Eliana,F,21929
Jewell,F,21914
Jude,M,21913
Rosetta,F,21867
Kaiden,M,21855
Mickey,M,21844
Susanne,F,21837
Kailey,F,21831
Eden,F,21801
Blanca,F,21790
Chasity,F,21782
Tomas,M,21765
Trudy,F,21757
Bentley,M,21729
Reid,M,21709
Kendrick,M,21670
Taryn,F,21646
Stephan,M,21629
Cade,M,21575
Clare,F,21564
Axel,M,21549
Jaiden,M,21500
Amaya,F,21466
Jerald,M,21438
Rocco,M,21429
Rocky,M,21353
Camryn,F,21282
Bennett,M,21266
Adan,M,21250
Kiana,F,21204
Francis,F,21199
Louie,M,21117
Effie,F,21100
Aubree,F,21097
Tamika,F,21071
Reuben,M,21069
Ramiro,M,21059
Kenya,F,21054
Maribel,F,21048
Tiara,F,20971
Lizbeth,F,20964
Paris,F,20923
Freddy,M,20899
Delilah,F,20827
Joaquin,M,20813
Bettye,F,20804
Hilary,F,20802
Rogelio,M,20800
Boyd,M,20764
Davis,M,20716
Jeannine,F,20632
Jaxson,M,20616
Rosalind,F,20552
Glenna,F,20519
Reed,M,20487
Van,M,20483
Eldon,M,20415
Ingrid,F,20332
Leann,F,20326
Lizzie,F,20319
Alina,F,20234
Marquis,M,20231
Ericka,F,20220
Phoebe,F,20203
Latonya,F,20195
Leola,F,20183
Julissa,F,20072
Chris,F,20069
Hallie,F,20059
Payton,M,19993
Simone,F,19979
Doug,M,19926
Jeanine,F,19925
Bobbi,F,19910
Maritza,F,19871
Bridgette,F,19838
Elvira,F,19830
Cary,M,19819
Keisha,F,19686
Rylan,M,19666
Audra,F,19635
Ola,F,19620
Heaven,F,19595
Paola,F,19585
Imani,F,19544
Dominique,M,19518
Sheena,F,19514
Luella,F,19514
Alivia,F,19478
Talia,F,19477
Deana,F,19472
Logan,F,19390
Rolando,M,19385
Leilani,F,19385
Amir,M,19374
Lamont,M,19361
Kody,M,19275
Lorie,F,19258
Ali,M,19244
Royce,M,19212
Garland,M,19083
Isiah,M,19078
Tonia,F,19063
Jimmie,F,19003
Larissa,F,19002
Rory,M,18986
Valentina,F,18969
Jeri,F,18955
Athena,F,18954
Rodrigo,M,18877
Alayna,F,18760
Jami,F,18755
Emilee,F,18724
Angelia,F,18717
Landen,M,18677
Robbie,F,18643
Winston,M,18639
Arielle,F,18618
Zion,M,18585
Quincy,M,18581
Jayden,F,18569
Darwin,M,18561
Clarice,F,18476
Jarrett,M,18467
Otto,M,18464
Ashlynn,F,18445
Brielle,F,18351
Elsa,F,18347
Aniyah,F,18347
Grover,M,18333
Willa,F,18324
Christi,F,18289
Maddox,M,18270
Izabella,F,18219
Ryan,F,18212
James,F,18196
Brianne,F,18178
Margo,F,18139
Hayden,F,18137
Juliet,F,18119
Carmela,F,18104
Stacy,M,18075
Vance,M,17958
Skyler,F,17928
Matt,M,17911
Buddy,M,17908
Courtney,M,17896
Edmond,M,17894
Loyd,M,17854
Ladonna,F,17835
Dale,F,17820
Marcy,F,17802
Bernadine,F,17673
Sidney,F,17671
India,F,17588
Rene,F,17510
Fiona,F,17509
Alta,F,17478
Nell,F,17404
Jean,M,17402
Tabatha,F,17362
Sienna,F,17334
Conor,M,17305
Jan,M,17272
Emilie,F,17259
Tanisha,F,17218
Sammie,M,17215
Alexus,F,17195
Michael,F,17190
Leanna,F,17187
Darcy,F,17186
Greta,F,17178
Rodger,M,17168
Thaddeus,M,17150
Noe,M,17142
Terrie,F,17118
Monte,M,17089
Emilia,F,17046
Mauricio,M,17017
Gale,F,17002
Declan,M,16972
Katlyn,F,16969
Aisha,F,16946
Tristen,M,16942
Bailey,M,16941
Kali,F,16937
Susana,F,16917
Robbie,M,16893
Kaylie,F,16890
Nelda,F,16878
Amie,F,16831
Rhoda,F,16825
Devon,F,16796
Harley,F,16765
Nia,F,16753
Selma,F,16753
Dorthy,F,16748
Cleveland,M,16746
Lupe,F,16684
Karissa,F,16682
Harlan,M,16679
Lexi,F,16668
Ashton,F,16663
Nikolas,M,16601
Christian,F,16539
Millie,F,16500
Reynaldo,M,16477
Norbert,M,16474
Latisha,F,16457
Yasmin,F,16442
Kiera,F,16430
Lenore,F,16429
Brendon,M,16387
Kelsie,F,16248
Jess,M,16234
Xander,M,16229
Noreen,F,16222
Viviana,F,16221
Noemi,F,16120
Ruthie,F,16105
Matilda,F,16071
Eve,F,16035
Brynn,F,16014
Anderson,M,16005
Alanna,F,15981
Jameson,M,15976
Perla,F,15974
Burton,M,15936
Bryanna,F,15920
Lacy,F,15891
Murray,M,15860
Johnie,M,15841
Jonas,M,15836
Cruz,M,15815
Lauryn,F,15779
Aria,F,15695
Kamryn,F,15685
Precious,F,15683
Anton,M,15677
John,F,15676
Melisa,F,15604
Issac,M,15603
Lyla,F,15597
Kiley,F,15586
Claudette,F,15585
Malia,F,15539
Marley,F,15535
Keaton,M,15518
Madalyn,F,15496
Harmony,F,15466
Araceli,F,15450
Elwood,M,15449
Ed,M,15446
Marlin,M,15353
Esperanza,F,15286
Colette,F,15245
Phil,M,15226
Elnora,F,15223
Elton,M,15212
Silvia,F,15198
Rosalyn,F,15159
Derick,M,15143
Saundra,F,15133
Juliette,F,15123
Nathanael,M,15112
Elaina,F,15107
Robert,F,15107
Dorian,M,15090
Baylee,F,15082
Scotty,M,15079
Denis,M,15079
Harriett,F,15072
Vicente,M,15069
Maximus,M,15041
Bobbie,M,15035
Cortney,F,15012
Ryleigh,F,15002
Frieda,F,14944
Lorrie,F,14935
Cadence,F,14934
Maura,F,14895
Zackery,M,14890
Jayda,F,14847
Annmarie,F,14779
Gay,F,14767
Stefan,M,14713
Mara,F,14712
Mavis,F,14701
Kristian,M,14689
Erwin,M,14685
Ignacio,M,14684
Katy,F,14679
Walker,M,14678
Efrain,M,14634
Chandra,F,14616
Chuck,M,14604
Kaylin,F,14588
Devin,F,14572
Beatriz,F,14541
Evangeline,F,14537
Emely,F,14510
Malinda,F,14496
Dulce,F,14494
Holden,M,14491
Elvin,M,14471
Tatum,F,14440
Elinor,F,14431
Kassidy,F,14427
Carmella,F,14395
Elma,F,14391
Ila,F,14382
Roscoe,M,14380
Virgie,F,14371
Mikaela,F,14342
Aden,M,14309
Abbey,F,14297
Valarie,F,14276
Rusty,M,14232
Earnestine,F,14226
Jefferson,M,14193
Corrine,F,14191
Nannie,F,14184
Pearlie,F,14150
Kurtis,M,14118
Skylar,M,14100
Nayeli,F,14078
Sharron,F,14071
Nola,F,14013
Rae,F,13940
Sybil,F,13939
Kaitlynn,F,13905
Earline,F,13903
Leonel,M,13874
Cornelia,F,13866
Consuelo,F,13862
Elyse,F,13856
Winnie,F,13832
Kimberlee,F,13829
Jerry,F,13818
Hollie,F,13808
Adelaide,F,13803
Destinee,F,13800
Javon,M,13765
Tyler,F,13731
Maddison,F,13724
Emiliano,M,13703
Deja,F,13697
Dona,F,13680
Brandie,F,13665
Dolly,F,13649
Hadley,F,13609
Kyleigh,F,13605
Arline,F,13583
Dion,M,13581
Eleanore,F,13578
Humberto,M,13573
Quinn,F,13547
Kierra,F,13515
Carmen,M,13492
Ariel,M,13483
Deirdre,F,13448
Zander,M,13443
Nanette,F,13413
Tommie,F,13407
Janae,F,13351
Aniya,F,13316
Damion,M,13297
Kaleigh,F,13295
Ilene,F,13293
Luca,M,13287
Kobe,M,13262
Shania,F,13262
Annika,F,13256
Suzette,F,13243
Willow,F,13240
Vaughn,M,13235
Ahmad,M,13209
Rickie,M,13188
Juana,F,13180
Skye,F,13162
Carley,F,13160
Justice,M,13114
Brooks,M,13113
Joselyn,F,13105
Greyson,M,13088
Jayce,M,13077
Santos,M,12993
Luann,F,12989
Duncan,M,12984
Lavonne,F,12974
Neva,F,12962
Tierra,F,12951
Rashad,M,12951
Gael,M,12922
Khalil,M,12913
Cecile,F,12906
Shayna,F,12905
Paulina,F,12877
Maude,F,12865
Graciela,F,12845
Keenan,M,12814
Jamar,M,12813
Presley,F,12803
Roseann,F,12788
Nathalie,F,12777
Bart,M,12763
Jarvis,M,12762
Abbie,F,12754
Letha,F,12744
Chanel,F,12731
Flossie,F,12721
Macie,F,12718
Rylie,F,12690
Aron,M,12685
Ximena,F,12681
Curt,M,12646
Marta,F,12640
Charley,M,12637
Cheyanne,F,12626
Donte,M,12621
Tiffani,F,12605
Adolfo,M,12604
Sarai,F,12599
Charlie,F,12574
Emerson,M,12505
Roslyn,F,12498
Selina,F,12496
Paisley,F,12478
Itzel,F,12469
Jerri,F,12457
Jeanie,F,12448
Casandra,F,12434
Pierre,M,12429
Cristal,F,12425
Tyrell,M,12415
Gillian,F,12404
Nicolette,F,12401
Adolph,M,12372
Deshawn,M,12359
Kermit,M,12352
Uriel,M,12342
Kathie,F,12335
Anahi,F,12331
Avis,F,12295
Thurman,M,12294
Hailee,F,12288
Carey,M,12242
Lyndsey,F,12241
Eddie,F,12201
Raphael,M,12195
Elissa,F,12176
Elvis,M,12147
Reece,M,12140
Alessandra,F,12137
Chantel,F,12109
Dollie,F,12108
Caiden,M,12103
Ayanna,F,12101
Tammi,F,12101
Justice,F,12078
Magdalena,F,12074
Kareem,M,12068
Danna,F,12062
Loraine,F,12021
Wendi,F,12020
Krystle,F,12007
Ulysses,M,12001
Meaghan,F,11992
Rosalinda,F,11990
Jaden,F,11978
Jaqueline,F,11952
Dee,F,11946
Ned,M,11917
Regan,F,11900
Ayla,F,11894
Sage,F,11884
Chrystal,F,11874
Odessa,F,11874
Hal,M,11870
Teagan,F,11864
Kiersten,F,11858
Trevon,M,11833
Tate,M,11829
Camilla,F,11807
Alvaro,M,11783
Darian,M,11769
Ernie,M,11766
Jacklyn,F,11766
Chelsie,F,11748
Marcel,M,11737
Haleigh,F,11735
Cyrus,M,11734
Jeffry,M,11714
Carina,F,11659
Lourdes,F,11655
Lynnette,F,11644
Madisyn,F,11641
Brayan,M,11634
Al,M,11623
Concetta,F,11610
Deidre,F,11592
Charmaine,F,11591
Marcie,F,11581
Catalina,F,11567
Vito,M,11564
Millard,M,11558
Tameka,F,11557
Aldo,M,11555
Norris,M,11536
Corina,F,11513
Romeo,M,11509
Margery,F,11482
Rhiannon,F,11480
Terra,F,11480
Kade,M,11475
Irwin,M,11474
Mila,F,11461
Susanna,F,11455
Jamison,M,11446
Braylon,M,11444
Lakeisha,F,11436
Lia,F,11434
Deanne,F,11429
Madilyn,F,11409
Shelby,M,11388
Kaila,F,11388
Rosanne,F,11365
Janell,F,11362
Agustin,M,11323
Ashley,M,11321
Melina,F,11300
Kingston,M,11281
Osvaldo,M,11279
Coy,M,11276
Anya,F,11265
Fernanda,F,11256
Zelma,F,11244
Addyson,F,11231
Halle,F,11223
Janna,F,11194
Seymour,M,11191
Lakisha,F,11177
Camron,M,11172
Liza,F,11170
Lesly,F,11154
Martina,F,11150
Alphonso,M,11147
Alyce,F,11131
Raegan,F,11098
Adrian,F,11090
Tyra,F,11073
Maci,F,11053
Braeden,M,11036
Josh,M,11025
Marci,F,11017
Kris,F,11011
Kellen,M,11006
Colten,M,10995
Kory,M,10985
Earlene,F,10983
Bruno,M,10977
Kaydence,F,10960
Kaelyn,F,10893
Rocio,F,10877
Tobias,M,10872
Emerson,F,10869
Amari,M,10862
Odell,M,10860
Scot,M,10856
Barney,M,10855
Armand,M,10853
Sheree,F,10827
Reyna,F,10811
Edwina,F,10804
Jordon,M,10790
Maricela,F,10781
Bria,F,10777
Bryon,M,10775
Jarred,M,10771
Milo,M,10770
Monty,M,10762
Gus,M,10753
Tamera,F,10732
Kourtney,F,10726
Donnell,M,10724
Deon,M,10715
Yadira,F,10712
Danica,F,10704
Estrella,F,10704
Cash,M,10703
Domingo,M,10698
Kris,M,10691
Russel,M,10690
Carlie,F,10687
Mohamed,M,10686
Wiley,M,10672
Demarcus,M,10667
Nataly,F,10656
Lilian,F,10625
Kaley,F,10617
Galen,M,10603
Jannie,F,10592
Devan,M,10591
Josefina,F,10551
Denny,M,10550
Nyla,F,10544
Miracle,F,10538
Stacey,M,10529
Dayna,F,10528
Kenzie,F,10521
Stephany,F,10511
Karyn,F,10493
Titus,M,10468
Tamra,F,10452
Benito,M,10420
Reese,M,10391
Bailee,F,10386
Maynard,M,10383
Mckayla,F,10372
Laverne,M,10353
Brittani,F,10346
Chadwick,M,10331
Mari,F,10330
Ronny,M,10324
Elisha,F,10321
Gerry,M,10319
Braydon,M,10296
Yasmine,F,10286
Reva,F,10283
Judah,M,10268
Carlene,F,10256
Madyson,F,10252
Carmine,M,10245
Sonny,M,10243
Emory,M,10242
Jadyn,F,10236
Davon,M,10234
Brenton,M,10230
William,F,10211
Carlo,M,10195
Sanford,M,10192
Bridgett,F,10167
Wilmer,M,10162
Tyree,M,10155
Coleman,M,10154
Queen,F,10142
Quintin,M,10132
Georgina,F,10127
Jayme,F,10119
Nona,F,10116
Althea,F,10106
Merlin,M,10106
Amari,F,10082
Luna,F,10064
Merle,F,10028
Maximilian,M,10011
Lilliana,F,9991
Celina,F,9980
Ollie,M,9971
Ainsley,F,9957
Desirae,F,9949
Roxie,F,9943
Diann,F,9934
Lizette,F,9929
Monroe,M,9912
Renae,F,9896
Kaye,F,9892
Ophelia,F,9889
Maryanne,F,9883
Antwan,M,9872
Kailyn,F,9869
Melva,F,9868
Joesph,M,9853
Leeann,F,9852
Beverley,F,9846
Mohammad,M,9845
Cari,F,9842
Ester,F,9832
Moshe,M,9806
Libby,F,9805
Lexie,F,9786
Trista,F,9780
Madelynn,F,9779
Octavia,F,9773
Micaela,F,9759
Tess,F,9755
Lyric,F,9751
Miley,F,9751
Rosella,F,9748
Tianna,F,9745
Norah,F,9742
Lawanda,F,9742
Waylon,M,9737
Houston,M,9727
Cathryn,F,9709
Brice,M,9708
Ciera,F,9705
Marylou,F,9704
Anika,F,9695
Jaelyn,F,9692
Mitzi,F,9684
Benita,F,9669
Marianna,F,9668
Linwood,M,9661
Corine,F,9652
Isaias,M,9647
Rowan,M,9641
Mary,M,9638
Ryker,M,9631
Liana,F,9628
Samara,F,9609
Deena,F,9605
Nehemiah,M,9603
Ahmed,M,9593
Colt,M,9568
Maryellen,F,9562
Janessa,F,9548
Tamia,F,9523
Emery,M,9520
Blair,F,9514
Ezequiel,M,9492
Delmar,M,9491
Kacie,F,9471
Ashanti,F,9441
Stevie,M,9440
Markus,M,9434
Jena,F,9425
Garret,M,9425
Rebeca,F,9423
Finn,M,9407
Nita,F,9390
Pierce,M,9361
Ursula,F,9349
Breana,F,9344
Weldon,M,9328
Shaina,F,9301
Lesa,F,9293
Jarod,M,9277
Tayler,F,9277
Lessie,F,9270
Devonte,M,9256
Tevin,M,9254
Francisca,F,9253
Anissa,F,9243
Denver,M,9238
Marilynn,F,9201
Carey,F,9194
Blair,M,9193
Gale,M,9188
Adrianne,F,9185
Wilda,F,9179
Kailee,F,9167
Davion,M,9159
Caryn,F,9155
Morton,M,9155
Aspen,F,9140
King,M,9132
Marietta,F,9130
Abbigail,F,9125
Jase,M,9120
Kathrine,F,9115
Princess,F,9077
Georgette,F,9074
Donny,M,9068
Joelle,F,9057
Maranda,F,9044
Jazlyn,F,9037
Gunner,M,9019
Chaya,F,9006
Kristal,F,9005
Karlee,F,9002
Minerva,F,8995
Cali,F,8989
Triston,M,8974
America,F,8973
Loren,F,8953
Frederic,M,8941
Hunter,F,8913
Harris,M,8909
Lauri,F,8898
Dalia,F,8888
Truman,M,8886
Kaylyn,F,8881
Mohammed,M,8876
Barrett,M,8875
Clair,M,8869
Ivette,F,8861
Aline,F,8854
Kinsley,F,8840
Kinley,F,8810
Damaris,F,8792
Gia,F,8791
Arleen,F,8788
Noel,F,8775
Aida,F,8775
Ashly,F,8769
Katina,F,8759
Abram,M,8740
Paxton,M,8725
Rhett,M,8718
Hollis,M,8711
Keely,F,8708
Kirby,M,8700
Ward,M,8699
Isis,F,8667
Gena,F,8644
Tatyana,F,8635
Christen,F,8622
Rigoberto,M,8621
Deangelo,M,8606
Rosanna,F,8604
Christin,F,8595
Angelita,F,8591
Aleah,F,8584
Petra,F,8564
Emery,F,8563
Hans,M,8562
Moriah,F,8556
Ari,M,8546
Janel,F,8540
Jamel,M,8540
Elle,F,8537
Jaquan,M,8532
Cullen,M,8526
Rhea,F,8524
Micah,F,8469
Cayla,F,8462
Edythe,F,8454
Janiya,F,8451
Maia,F,8451
Kasey,M,8439
Nigel,M,8434
Luisa,F,8434
Gunnar,M,8430
Prince,M,8429
Maryjane,F,8429
Mariela,F,8418
Lilia,F,8409
Brantley,M,8369
Thalia,F,8346
River,M,8343
Dayton,M,8342
Lina,F,8340
Dara,F,8339
Kolton,M,8338
Jamari,M,8337
Marquita,F,8319
Annemarie,F,8315
Jimena,F,8314
Mariam,F,8314
Coleen,F,8274
Aubrie,F,8266
Melany,F,8266
Londyn,F,8264
Marisela,F,8261
Dayana,F,8242
Sharlene,F,8232
Yahir,M,8232
Latanya,F,8224
Pasquale,M,8222
Gayla,F,8213
Alecia,F,8204
Louisa,F,8196
Forest,M,8194
David,F,8176
Shanice,F,8156
Porter,M,8153
Carlee,F,8150
Joe,F,8149
Eddy,M,8142
Fidel,M,8137
Clement,M,8135
Jaron,M,8116
Kieran,M,8113
Breanne,F,8104
Phoenix,M,8099
Gino,M,8094
Buford,M,8088
Iliana,F,8088
Rosario,F,8085
Isabell,F,8049
Macey,F,8047
Lashonda,F,8043
Janiyah,F,8037
Nasir,M,8031
Roxanna,F,8030
Florine,F,8020
Orion,M,8015
Jaylin,M,8014
Kathi,F,8006
Freddie,F,8005
Korey,M,8003
Demetria,F,7999
Amira,F,7996
Adalyn,F,7994
Marquise,M,7992
Maximiliano,M,7990
Katheryn,F,7949
Annabella,F,7939
Wilfredo,M,7937
Felecia,F,7935
Sade,F,7914
Giovanna,F,7911
Chana,F,7910
Parker,F,7899
Merrill,M,7891
Octavio,M,7883
Trace,M,7881
Gregorio,M,7879
Adela,F,7873
Nikita,F,7869
Jett,M,7865
Mitchel,M,7863
Addison,M,7848
Ulises,M,7846
Ashlie,F,7836
Heriberto,M,7829
Liberty,F,7802
Annabel,F,7799
Denice,F,7794
Cori,F,7790
Hester,F,7780
Asa,M,7762
Kolby,M,7722
Domenic,M,7721
Danette,F,7721
Augustine,M,7720
Mandi,F,7705
Scottie,M,7703
Judi,F,7702
Mekhi,M,7688
Shantel,F,7678
Lelia,F,7674
Karli,F,7674
Marva,F,7666
Wilburn,M,7664
Deven,M,7664
Ayana,F,7663
Shelton,M,7663
Anaya,F,7661
Jaylon,M,7658
Roxana,F,7628
Izaiah,M,7628
Zayden,M,7619
Chastity,F,7618
Kaylynn,F,7606
Manuela,F,7606
Gisselle,F,7596
Debby,F,7594
Alena,F,7593
Madge,F,7590
Haylie,F,7589
Karly,F,7588
Erich,M,7588
Cohen,M,7581
Gonzalo,M,7576
Augustus,M,7565
Valencia,F,7555
Kadence,F,7550
Cristopher,M,7527
Charles,F,7523
Louella,F,7508
Latrice,F,7508
Marlys,F,7507
Jadon,M,7491
Tristin,M,7485
Bennie,F,7482
Marlee,F,7471
Kelsi,F,7470
Milagros,F,7470
Catrina,F,7469
Alfreda,F,7455
Vern,M,7452
Kori,F,7450
Bertie,F,7440
Twila,F,7435
Cleo,M,7433
Elisha,M,7427
Retha,F,7422
Amya,F,7407
Annamarie,F,7394
Booker,M,7386
Denzel,M,7380
Gussie,F,7379
Jairo,M,7366
Dionne,F,7355
Deidra,F,7331
Gilda,F,7329
Haven,F,7326
Amalia,F,7325
Lacie,F,7324
Karlie,F,7318
Muhammad,M,7316
Reggie,M,7310
Deann,F,7304
Savanah,F,7304
Katelin,F,7295
Bernardo,M,7283
Jesse,F,7278
Claudine,F,7259
Farrah,F,7259
Kacey,F,7254
Justina,F,7243
Shea,F,7242
Amani,F,7241
Kennedi,F,7216
Arabella,F,7206
Cornell,M,7201
Alden,M,7201
Marybeth,F,7198
Lisette,F,7198
Unknown,F,7191
Griselda,F,7186
Brook,F,7184
Isla,F,7184
Laney,F,7162
Tisha,F,7155
Skyla,F,7144
Dirk,M,7143
Isabela,F,7137
Lakesha,F,7133
Cherry,F,7132
Karrie,F,7131
Major,M,7120
Raymundo,M,7119
Lidia,F,7113
Jolie,F,7106
Ibrahim,M,7092
Basil,M,7087
Kitty,F,7084
Robby,M,7080
Racheal,F,7079
Felicity,F,7079
Karson,M,7076
Shyanne,F,7073
Essence,F,7072
Talon,M,7069
Daren,M,7063
Vonda,F,7057
Dusty,M,7051
Lilah,F,7048
Vince,M,7048
Chaz,M,7046
Aracely,F,7028
Maegan,F,7026
Kane,M,7023
Jaimie,F,7018
Hiram,M,7005
Nakia,F,7002
Tera,F,6995
Dudley,M,6974
Johan,M,6972
Rohan,M,6972
Nathanial,M,6965
Ansley,F,6956
Marlena,F,6954
Mervin,M,6932
Arely,F,6923
Brycen,M,6920
Jovan,M,6915
Dylan,F,6901
Maeve,F,6886
Amiyah,F,6885
Alysha,F,6872
Maverick,M,6864
Hershel,M,6830
Berniece,F,6829
Cortez,M,6828
Darien,M,6828
Jaiden,F,6819
Fabiola,F,6819
Unknown,M,6813
Sandi,F,6809
Zoie,F,6807
Jerrod,M,6805
Tiffanie,F,6804
Tyrese,M,6800
Delois,F,6793
Ali,F,6784
Christopher,F,6773
Alonso,M,6769
Shellie,F,6757
Lorelei,F,6752
Letitia,F,6749
Ally,F,6743
Zelda,F,6740
Kennith,M,6733
Georgie,F,6733
Luciano,M,6729
Lanny,M,6729
Maliyah,F,6728
Alphonse,M,6725
Aylin,F,6717
Adelyn,F,6716
Chaim,M,6710
Nestor,M,6704
Fletcher,M,6703
Laci,F,6702
Lavern,M,6702
Gideon,M,6690
Alycia,F,6689
Carmelo,M,6688
Jaydon,M,6680
German,M,6678
Annalise,F,6674
Hana,F,6662
Shayne,M,6655
Evangelina,F,6650
Amara,F,6649
Maudie,F,6646
Kristofer,M,6636
Lizeth,F,6635
Winfred,M,6602
Christal,F,6574
Pansy,F,6572
Belen,F,6560
Ofelia,F,6553
Journey,F,6536
Kallie,F,6521
Dashawn,M,6516
Zaria,F,6515
Cyril,M,6514
Robbin,F,6513
Jaida,F,6506
Elouise,F,6501
Hassan,M,6497
Jacoby,M,6488
Freida,F,6479
Patsy,M,6479
Danika,F,6475
Jazmyn,F,6468
Devante,M,6465
Caren,F,6461
Misti,F,6440
Jamaal,M,6439
Elmo,M,6430
Bobby,F,6428
Iona,F,6427
Shirley,M,6426
Monika,F,6396
Estevan,M,6387
Layne,M,6383
Mina,F,6382
Earle,M,6374
Kasandra,F,6373
Christiana,F,6365
Valentin,M,6358
Kaci,F,6351
Rowan,F,6343
Daquan,M,6341
Yazmin,F,6337
Reina,F,6335
Liz,F,6334
Lorri,F,6333
Brennen,M,6332
Mireya,F,6315
Shakira,F,6313
Davin,M,6310
Alexandrea,F,6291
Jax,M,6291
Corey,F,6284
Julien,M,6257
Nico,M,6251
Doretha,F,6246
Gemma,F,6238
Gianni,M,6227
Randell,M,6225
Lissette,F,6222
Luanne,F,6220
Tillie,F,6217
Claud,M,6204
Roselyn,F,6204
Estela,F,6202
Federico,M,6193
Wilford,M,6182
Dessie,F,6180
Merry,F,6163
Herschel,M,6158
Patience,F,6155
Sandy,M,6150
Johnna,F,6143
Cherish,F,6140
Natalee,F,6139
Celine,F,6133
Anabel,F,6133
Kimora,F,6131
Alysia,F,6130
Eloy,M,6126
Joslyn,F,6120
Fallon,F,6120
Sydnee,F,6119
Elliana,F,6112
Sage,M,6111
Deonte,M,6100
Portia,F,6098
Matteo,M,6093
Leota,F,6087
Kayley,F,6086
Madonna,F,6083
Suzan,F,6067
Armani,M,6065
Brisa,F,6059
Kristyn,F,6051
Eliseo,M,6047
Scarlet,F,6046
Kirstin,F,6044
Erin,M,6042
Dinah,F,6037
Lorine,F,6033
Gail,M,6007
Dallas,F,6007
Berenice,F,5995
Beckett,M,5969
Theron,M,5965
Rod,M,5963
Tylor,M,5959
Roxann,F,5956
Alva,M,5953
Rico,M,5952
Margot,F,5924
Raina,F,5918
Alia,F,5914
Tracey,M,5914
Zechariah,M,5913
Rob,M,5901
Iesha,F,5901
Aliya,F,5889
Keon,M,5888
Leta,F,5887
Antionette,F,5881
Paloma,F,5880
Kerrie,F,5880
Dario,M,5877
Bo,M,5868
Shonda,F,5864
Karol,F,5863
Landyn,M,5856
Adelina,F,5852
Ryann,F,5843
Destiney,F,5836
Caylee,F,5825
Aurelia,F,5823
Lashawn,F,5821
Philomena,F,5818
Treva,F,5814
Antony,M,5807
Katarina,F,5797
Mikel,M,5786
Rolland,M,5786
Bradly,M,5785
Stephon,M,5783
Jaycee,F,5769
Melodie,F,5763
Destini,F,5763
Delphine,F,5762
Dino,M,5761
Stevie,F,5759
Kendal,F,5752
Remington,M,5751
Rodrick,M,5750
Brodie,M,5747
Chandler,F,5747
Jaliyah,F,5746
Socorro,F,5741
Michel,M,5739
Marcela,F,5730
Catharine,F,5729
Carli,F,5729
Pattie,F,5720
Kaya,F,5720
Odis,M,5710
Giuliana,F,5705
Jabari,M,5700
Halie,F,5697
Nan,F,5689
Patrica,F,5685
Amina,F,5659
Vivienne,F,5658
Yessenia,F,5650
Myah,F,5646
Rubi,F,5640
Elida,F,5637
Alex,F,5637
Adalynn,F,5631
Marcelo,M,5624
Shanda,F,5622
Jaylynn,F,5621
Rayna,F,5621
Joseph,F,5619
Winona,F,5611
Ione,F,5608
Aryanna,F,5600
Yareli,F,5599
Kaia,F,5594
Jayleen,F,5594
Aja,F,5593
Isidro,M,5583
Coby,M,5556
Beryl,F,5549
Everette,M,5547
Efren,M,5542
Kianna,F,5542
Chantal,F,5540
Lenard,M,5538
Braylen,M,5530
Alijah,M,5521
Addisyn,F,5519
Dominik,M,5510
Yaretzi,F,5510
Mariano,M,5500
Misael,M,5500
Giana,F,5493
Marques,M,5493
Salma,F,5493
Celestine,F,5487
Cordell,M,5486
Holli,F,5483
Kia,F,5479
Royal,M,5472
Tamela,F,5472
Brylee,F,5469
Darrius,M,5466
Evie,F,5457
Dannie,M,5455
Sarina,F,5443
Kamila,F,5436
Aiyana,F,5431
Jaylin,F,5429
Finley,F,5428
Kyle,F,5425
Mackenzie,M,5420
Wilhelmina,F,5403
Jeanna,F,5400
Kayden,F,5397
Augusta,F,5395
Xiomara,F,5393
Abril,F,5374
Brigitte,F,5363
Omari,M,5360
Tod,M,5358
Millicent,F,5358
Zariah,F,5353
Raheem,M,5350
Zella,F,5348
Latosha,F,5344
Freeman,M,5342
Cristy,F,5340
Carol,M,5336
Dottie,F,5322
Adriel,M,5321
Oma,F,5319
Judson,M,5311
Kenna,F,5311
Audrina,F,5307
Andria,F,5306
Birdie,F,5305
Kala,F,5300
Maurine,F,5300
Iola,F,5295
Garth,M,5287
Shameka,F,5269
Rowena,F,5254
Kenia,F,5252
Kaliyah,F,5241
Dahlia,F,5238
Richelle,F,5235
Sharyn,F,5233
Jamarion,M,5233
Allene,F,5232
Cindi,F,5229
Anabelle,F,5225
Montana,F,5224
Myla,F,5223
Kole,M,5213
Kenton,M,5210
Stacia,F,5209
Austen,M,5208
Stan,M,5205
Darrick,M,5205
Ronan,M,5199
Kami,F,5192
Emmalee,F,5191
Keagan,M,5184
Kisha,F,5169
Tosha,F,5166
Renita,F,5156
Genaro,M,5146
Jacquelin,F,5146
Yaritza,F,5138
Leora,F,5137
Rosalee,F,5136
Devyn,F,5129
Dayanara,F,5128
Brant,M,5128
Shaniya,F,5124
George,F,5121
Giancarlo,M,5121
Flor,F,5111
Darleen,F,5106
Kalyn,F,5090
Tonja,F,5082
Tana,F,5082
Lucretia,F,5072
Joana,F,5065
Bree,F,5064
Starr,F,5064
Lawson,M,5055
Dandre,M,5047
Elvia,F,5038
Ryland,M,5038
Cale,M,5036
Lon,M,5023
Jacques,M,5023
Sherlyn,F,5023
Alessandro,M,5011
Danita,F,5010
Jaylene,F,5010
Lucero,F,5004
Aleena,F,5003
Enzo,M,5002
Aliza,F,5001
Asha,F,4997
Richard,F,4997
Venus,F,4986
Eboni,F,4986
Pamala,F,4985
Dangelo,M,4979
Vernell,F,4976
Karley,F,4970
Hank,M,4969
London,M,4968
Broderick,M,4965
Alene,F,4963
Madalynn,F,4963
Tawana,F,4957
Litzy,F,4948
Braiden,M,4945
Francesco,M,4941
Wilton,M,4940
Evelin,F,4939
Rivka,F,4938
Geri,F,4936
Karter,M,4933
Orval,M,4931
Gracelyn,F,4916
Keven,M,4914
Belle,F,4906
Elda,F,4905
Vincenzo,M,4901
Kason,M,4888
Veda,F,4885
Lexus,F,4881
Taliyah,F,4875
Lainey,F,4874
Demi,F,4867
Candi,F,4864
Shelli,F,4860
Rubye,F,4859
Harriette,F,4858
Jamila,F,4851
Alesha,F,4850
Lupe,M,4847
Theodora,F,4844
Jerrold,M,4841
Reta,F,4834
Ashely,F,4833
Samir,M,4825
Normand,M,4818
Brittni,F,4813
Ivory,M,4810
Cristobal,M,4809
Foster,M,4809
Saniya,F,4809
Denisse,F,4807
Jaylah,F,4805
Edwardo,M,4801
Charlee,F,4799
Dorris,F,4795
Daria,F,4793
Jaelynn,F,4782
Malissa,F,4781
Enid,F,4779
Luciana,F,4773
Yosef,M,4773
Jacey,F,4756
Arnulfo,M,4755
Raelynn,F,4754
Renata,F,4744
Jaunita,F,4743
Oralia,F,4738
Germaine,F,4736
Buster,M,4731
Armani,F,4728
Brynlee,F,4728
Travon,M,4724
Peggie,F,4722
Dorene,F,4722
Jamil,M,4719
Dortha,F,4716
Tessie,F,4714
Josef,M,4713
Lyndsay,F,4712
Estefania,F,4712
Errol,M,4707
Darian,F,4696
Paris,M,4687
Roseanne,F,4685
Mckinley,F,4684
Braelyn,F,4682
Vada,F,4682
Dillan,M,4680
Kayli,F,4679
Unique,F,4665
Jakayla,F,4655
Marjory,F,4654
Barton,M,4644
Noelia,F,4644
Darion,M,4643
Suzanna,F,4641
Anais,F,4640
Laureen,F,4619
Lilyana,F,4618
Imelda,F,4617
Lauretta,F,4615
Cason,M,4614
Sariah,F,4610
Baby,M,4604
Ariella,F,4603
Laquita,F,4601
Maryam,F,4599
Delma,F,4599
Sammie,F,4598
Shaquille,M,4598
Amiya,F,4595
Jalisa,F,4592
Britany,F,4591
Lolita,F,4589
Sharonda,F,4587
Huey,M,4584
Toby,F,4583
Allyssa,F,4581
Iker,M,4581
Santino,M,4577
Emmitt,M,4576
Kale,M,4572
Khadijah,F,4571
Ivonne,F,4564
Elana,F,4548
Donavan,M,4540
Siobhan,F,4540
Ferdinand,M,4536
Siena,F,4535
Milford,M,4534
Shanika,F,4531
Lazaro,M,4528
Jackeline,F,4526
Miah,F,4524
Dimitri,M,4524
Dania,F,4520
Fredric,M,4518
Xzavier,M,4515
Jacquline,F,4512
Emile,M,4511
Charla,F,4505
Monserrat,F,4494
Vanesa,F,4487
Maryjo,F,4486
Arjun,M,4484
Alexandro,M,4481
Kinsey,F,4480
Chiquita,F,4475
Danial,M,4473
Jules,M,4473
Alysa,F,4472
Alvina,F,4472
Kristian,F,4469
Bernie,M,4467
Adonis,M,4466
Ima,F,4464
Yoselin,F,4457
Aurelio,M,4456
Matias,M,4455
Daniel,F,4455
Linnea,F,4440
Starla,F,4439
Ami,F,4439
Alesia,F,4436
Margret,F,4427
Rihanna,F,4425
Erna,F,4422
Giovanny,M,4422
Rey,M,4410
Hoyt,M,4408
Averie,F,4407
Shaylee,F,4401
Annetta,F,4400
Nathaly,F,4399
Kaela,F,4398
Tyron,M,4393
Keyla,F,4393
Eloisa,F,4390
Shyann,F,4385
Johana,F,4378
Tristian,M,4376
Lona,F,4374
Shea,M,4370
Rogers,M,4366
Cliff,M,4365
Dovie,F,4363
Demario,M,4361
Michell,F,4355
Phoenix,F,4348
Delmer,M,4338
Vida,F,4337
Bud,M,4334
Nash,M,4332
Edgardo,M,4329
Astrid,F,4326
Eliezer,M,4323
Arron,M,4315
Lyn,F,4311
Pearline,F,4306
Maleah,F,4305
Carson,F,4304
Zara,F,4304
Elyssa,F,4295
Devyn,M,4294
Daron,M,4294
Kaylah,F,4290
Sherrill,F,4289
Draven,M,4286
Hyman,M,4285
Mckinley,M,4279
Myrtis,F,4271
Shaniqua,F,4270
Gabriel,F,4264
Giovani,M,4264
Krysta,F,4263
Adrien,M,4263
Kellan,M,4262
Mira,F,4255
Yajaira,F,4254
Velda,F,4253
Antonette,F,4253
Madilynn,F,4251
Maira,F,4247
Saniyah,F,4243
Rashawn,M,4243
Keshawn,M,4240
Cletus,M,4235
Justus,M,4232
Bronson,M,4231
Shante,F,4231
Darby,F,4224
Nikole,F,4219
Jamya,F,4219
Sarahi,F,4214
Kaylen,F,4211
Danelle,F,4207
Olin,M,4200
Alyse,F,4194
Marcelino,M,4193
Kip,M,4187
Syble,F,4186
Jaidyn,F,4181
Coral,F,4180
Jorden,M,4179
Akeem,M,4174
Felton,M,4170
Kamden,M,4157
Kian,M,4153
Jed,M,4153
Jovani,M,4153
Sol,M,4153
Lucian,M,4152
Mariann,F,4152
Messiah,M,4145
Shyla,F,4139
Abigayle,F,4132
Ellsworth,M,4131
Jamey,M,4128
Katlin,F,4123
Kamari,M,4123
Corrie,F,4119
Baby,F,4117
Leopoldo,M,4115
Saige,F,4111
Isai,M,4109
Gertie,F,4103
Jamarcus,M,4101
Jeana,F,4100
Garrison,M,4097
Aric,M,4097
Nylah,F,4093
Donnie,F,4093
Stefani,F,4090
Fanny,F,4090
Cedrick,M,4088
Davina,F,4080
Ruthann,F,4072
Jaylee,F,4069
Milan,M,4068
Antwon,M,4068
Kenyon,M,4064
Ivory,F,4064
Keshia,F,4062
Kaycee,F,4060
Valorie,F,4060
Shamika,F,4055
Andreas,M,4052
Georgianna,F,4050
Columbus,M,4047
Benedict,M,4047
Ernestina,F,4042
Korbin,M,4040
Atticus,M,4038
Hamza,M,4037
Demond,M,4037
Nicky,M,4029
Leonor,F,4028
Rhys,M,4027
Salina,F,4019
Drew,F,4017
Lue,F,4015
Barbra,F,4015
Burl,M,4012
Chanda,F,4011
Oswaldo,M,4010
Maren,F,4009
Bryana,F,4009
Selah,F,4007
Kamron,M,4006
Shamar,M,4002
Uriah,M,3999
Vikki,F,3997
Semaj,M,3993
Ardis,F,3992
Kaiya,F,3992
Coty,M,3989
Camren,M,3988
Verda,F,3984
Frida,F,3981
Shiloh,F,3976
Nyasia,F,3976
Vickey,F,3975
Lyndon,M,3973
Clementine,F,3973
Nelly,F,3973
Bertram,M,3970
Amaris,F,3969
Quinten,M,3969
Belva,F,3963
Areli,F,3962
Katerina,F,3958
Eryn,F,3940
Boston,M,3940
Trinidad,M,3937
Aryana,F,3937
Jerrell,M,3935
Amelie,F,3931
Tariq,M,3931
Reyes,M,3927
Leandro,M,3925
Marilee,F,3920
Kassie,F,3919
Connie,M,3918
Magnolia,F,3915
Concepcion,F,3912
Sincere,M,3911
Menachem,M,3910
Alexzander,M,3907
Lucien,M,3906
Sloane,F,3902
Lindy,F,3901
Infant,M,3901
Sydney,M,3897
Janay,F,3895
Lemuel,M,3894
Yuliana,F,3893
Tanesha,F,3891
Kandice,F,3887
Chantelle,F,3887
Karon,F,3887
Alva,F,3885
Franco,M,3884
Abe,M,3879
Caryl,F,3878
Cannon,M,3873
Javion,M,3872
Jessenia,F,3870
Hellen,F,3869
Chyna,F,3866
Keila,F,3863
Garnet,F,3857
Janeen,F,3854
Zion,F,3854
Isela,F,3850
Jenelle,F,3847
Otha,M,3846
Felisha,F,3845
Ivana,F,3842
Thad,M,3838
Lakeshia,F,3837
Leia,F,3836
Chauncey,M,3835
Seamus,M,3833
Tory,M,3830
Tena,F,3826
Yehuda,M,3826
Elia,F,3824
Reagan,M,3823
Theo,M,3820
Jessika,F,3815
Blake,F,3810
Jasmyn,F,3804
Shanta,F,3802
Jacky,M,3799
Samira,F,3798
Olen,M,3793
Jerold,M,3791
Georgiana,F,3790
Dwain,M,3785
Marlo,F,3783
Rosendo,M,3783
Cory,F,3783
Rikki,F,3777
Anthony,F,3777
Sanaa,F,3774
Tatianna,F,3771
Tre,M,3769
Sabina,F,3763
Star,F,3762
Abagail,F,3762
Kelsea,F,3761
Abdullah,M,3761
Hailie,F,3759
Jazlynn,F,3753
Omer,M,3752
Edison,M,3751
Juliann,F,3751
Sommer,F,3750
Terese,F,3748
Raelyn,F,3747
Dasia,F,3747
Jair,M,3746
Jayde,F,3742
Juli,F,3741
Magdalene,F,3738
Mozelle,F,3737
Lenny,M,3736
Finnegan,M,3736
Breonna,F,3736
Selene,F,3733
Tristan,F,3733
Margarito,M,3731
Domonique,F,3731
Rosalia,F,3728
Lupita,F,3725
Latonia,F,3723
Niko,M,3723
Lilianna,F,3721
Ashli,F,3720
Enoch,M,3715
Danae,F,3713
Lavern,F,3712
Breann,F,3705
Thea,F,3700
Lashanda,F,3697
Amare,M,3696
Ronnie,F,3695
Sunny,F,3691
Taniya,F,3691
Jerod,M,3690
Nanci,F,3690
Kesha,F,3689
Yusuf,M,3683
Miya,F,3681
Akira,F,3679
Makena,F,3679
Leyla,F,3679
Vernice,F,3674
Sky,F,3670
Ginny,F,3669
Khalid,M,3669
Shelbi,F,3665
Lucius,M,3663
Emerald,F,3659
Natalya,F,3657
Darci,F,3657
Teressa,F,3657
Alize,F,3645
Infant,F,3644
Malaysia,F,3644
Marlen,F,3643
Mercy,F,3643
Abdul,M,3642
Cinthia,F,3642
Giuseppe,M,3641
Donn,M,3636
Carolann,F,3632
Moira,F,3629
Winter,F,3621
Mariel,F,3618
Alani,F,3615
Yahaira,F,3613
Thomas,F,3612
Niki,F,3610
Cathie,F,3609
Campbell,F,3606
Samson,M,3603
Nova,F,3595
Layton,M,3591
Amirah,F,3584
Leandra,F,3582
Cordelia,F,3581
Gerry,F,3577
Violeta,F,3577
Adilene,F,3573
Napoleon,M,3573
Yasmeen,F,3573
Berta,F,3573
Nicolle,F,3569
Rosita,F,3565
Abigale,F,3557
Stormy,F,3556
Carrol,M,3550
Milan,F,3550
Kylan,M,3546
Aryan,M,3545
Maximo,M,3542
Mose,M,3542
Lettie,F,3542
Oleta,F,3541
Sullivan,M,3539
Erlinda,F,3534
Dallin,M,3534
Emelia,F,3533
Mauro,M,3533
Sydni,F,3531
Corinna,F,3528
Marquez,M,3527
Theda,F,3521
Lacy,M,3515
Yisroel,M,3510
Leif,M,3508
Johnie,F,3506
Cheryle,F,3506
Briley,F,3506
Malakai,M,3505
Turner,M,3504
Bryn,F,3502
Carmel,F,3502
Livia,F,3499
Latricia,F,3499
Marnie,F,3491
Calista,F,3486
Kadin,M,3486
Hobert,M,3486
Grecia,F,3484
Mordechai,M,3484
Rayford,M,3480
Elroy,M,3472
Raymon,M,3471
Aydan,M,3467
Dontae,M,3467
Haywood,M,3466
Lucio,M,3463
Roel,M,3459
Herlinda,F,3456
Jesenia,F,3455
Tad,M,3455
Lindsey,M,3454
Valentino,M,3452
Jason,F,3450
Keyon,M,3449
Linnie,F,3446
Arnoldo,M,3437
Ladarius,M,3434
Trever,M,3433
Gene,F,3430
Charleen,F,3425
Priya,F,3425
Madisen,F,3424
Jazmyne,F,3424
Jocelynn,F,3422
Domenick,M,3420
Anabella,F,3417
Brionna,F,3417
Kayleen,F,3416
Gaylord,M,3415
Lonny,M,3415
Rhianna,F,3415
Katia,F,3413
Shalonda,F,3412
Malka,F,3411
Raleigh,M,3411
Kimber,F,3406
Brinley,F,3406
Migdalia,F,3405
Kenley,F,3400
Meadow,F,3399
Whitley,F,3394
Xochitl,F,3393
Kevon,M,3392
Maribeth,F,3391
Jessi,F,3391
Heidy,F,3389
Lura,F,3389
Nya,F,3388
Marlyn,F,3385
Mariyah,F,3382
Reilly,F,3381
Blaise,M,3377
Deacon,M,3377
Magaly,F,3376
Missy,F,3375
Hilton,M,3374
Brittanie,F,3373
Jaeden,M,3371
Joleen,F,3371
Shirlee,F,3370
Julieta,F,3368
Shelbie,F,3363
Nedra,F,3354
Rubin,M,3354
Tyshawn,M,3351
Verla,F,3351
Mayme,F,3348
Evette,F,3342
Galilea,F,3340
Sharla,F,3333
Noble,M,3333
Deasia,F,3330
Geralyn,F,3329
Regis,M,3318
Knox,M,3315
Nannette,F,3310
Teena,F,3307
Tyesha,F,3299
Jovanni,M,3298
Filomena,F,3297
Ashtyn,F,3293
Lyman,M,3292
Catina,F,3290
Adriane,F,3289
Valery,F,3288
Syed,M,3287
Kraig,M,3287
Andrea,M,3286
Jaylan,M,3285
Hortencia,F,3283
Mathias,M,3282
Deion,M,3282
Matthew,F,3282
Archer,M,3279
Albertha,F,3279
Savana,F,3279
Koby,M,3278
Simeon,M,3272
Darron,M,3270
Viridiana,F,3269
Nichelle,F,3268
Mac,M,3267
Mellissa,F,3266
Deshaun,M,3262
Maximillian,M,3259
Leisa,F,3255
Adell,F,3253
Ardith,F,3252
Ireland,F,3251
Demarco,M,3251
Anjali,F,3251
Jalyn,F,3250
Norberto,M,3249
Cailyn,F,3248
Cecily,F,3245
Aaden,M,3245
Judie,F,3245
Estefany,F,3244
Jaylyn,F,3242
Jamir,M,3240
Rosario,M,3239
Dejuan,M,3238
Leigha,F,3238
Bettina,F,3237
Ouida,F,3237
Gaye,F,3235
Brandee,F,3232
Kortney,F,3231
Hayleigh,F,3230
Noor,F,3227
Venessa,F,3227
Maxim,M,3224
Zakary,M,3221
Iyana,F,3215
Richie,M,3214
Ileana,F,3212
Agatha,F,3212
Shira,F,3198
Sydnie,F,3198
Camilo,M,3197
Nikhil,M,3197
Claudio,M,3195
Caleigh,F,3195
Zain,M,3188
Mimi,F,3185
Dewitt,M,3184
Vesta,F,3184
Amberly,F,3182
Dawna,F,3180
Blaze,M,3179
Arya,F,3177
Danyelle,F,3177
Everardo,M,3173
Tanika,F,3173
Aretha,F,3173
Finley,M,3172
Susannah,F,3172
Barb,F,3171
Ronaldo,M,3170
Kennedy,M,3170
Reanna,F,3167
Mai,F,3167
Evalyn,F,3166
Kalie,F,3166
Brigid,F,3164
Brandan,M,3159
Kasen,M,3159
Jovanny,M,3151
Ace,M,3144
Jensen,M,3136
Dani,F,3135
Josette,F,3135
Gavyn,M,3131
Madison,M,3129
Kyndall,F,3124
Ivanna,F,3122
Branson,M,3122
Roxane,F,3121
Adina,F,3118
Ayesha,F,3117
Charley,F,3115
Windy,F,3114
Aditya,M,3108
Adelynn,F,3107
Dee,M,3103
Devan,F,3103
Russ,M,3102
Alannah,F,3101
Mazie,F,3100
Laken,F,3095
Lisbeth,F,3095
Evelynn,F,3092
Adalberto,M,3090
Kandace,F,3090
Nathalia,F,3088
Jedidiah,M,3088
Casimir,M,3085
Bambi,F,3085
Kai,F,3083
Floy,F,3082
Arlie,M,3080
Carleigh,F,3078
Hernan,M,3077
Treasure,F,3075
Mustafa,M,3074
Makaila,F,3073
Joycelyn,F,3070
Caitlynn,F,3070
Iyanna,F,3066
Jovany,M,3065
Emogene,F,3065
Lonnie,F,3059
Talmadge,M,3055
Zaire,M,3050
Emani,F,3048
Refugio,M,3047
Rasheed,M,3044
Carmelita,F,3039
Charlize,F,3038
Reymundo,M,3037
Tawnya,F,3036
Dereck,M,3035
Hilario,M,3034
Sanjuanita,F,3032
Dax,M,3029
Arden,M,3029
Deron,M,3028
Soren,M,3027
Leatrice,F,3027
Estefani,F,3027
Keanu,M,3024
Brigette,F,3022
Eliot,M,3022
Keeley,F,3020
Joan,M,3020
Abner,M,3018
Charisse,F,3018
Hortense,F,3016
Alba,F,3015
Myrtice,F,3015
Tamar,F,3015
Joshua,F,3013
Davonte,M,3013
Aliana,F,3012
Roma,F,3010
Eugenio,M,3007
Jacalyn,F,3007
Serina,F,3006
Tawanda,F,3003
Zack,M,3002
Vilma,F,3001
Cecil,F,3000
Damarion,M,2994
Kelton,M,2989
Kristan,F,2988
Trinidad,F,2985
Zaiden,M,2984
Braulio,M,2984
Karis,F,2982
Benson,M,2982
Lani,F,2979
Hakeem,M,2976
Riya,F,2976
Dorotha,F,2976
Elian,M,2974
Cathrine,F,2973
Dalila,F,2973
Ilana,F,2972
Abelardo,M,2971
Jagger,M,2967
Destin,M,2963
Karie,F,2963
Kandi,F,2962
Artie,F,2960
Bristol,F,2959
Emmy,F,2959
Azaria,F,2956
Nathen,M,2955
Jordyn,M,2952
Shreya,F,2951
Horacio,M,2951
Yaakov,M,2944
Fran,F,2943
Benton,M,2943
Matthias,M,2938
Elvera,F,2937
Newton,M,2936
Bonny,F,2932
Karma,F,2932
Fermin,M,2926
Britni,F,2924
Davian,M,2923
Lesli,F,2921
Alpha,F,2919
Shannan,F,2917
Eleni,F,2916
Nevin,M,2915
Lynsey,F,2911
Santana,F,2909
Joi,F,2904
Ember,F,2904
Charline,F,2901
Eleazar,M,2899
Nyah,F,2899
Jordy,M,2895
Krystina,F,2893
Zayne,M,2890
Boyce,M,2890
Gearldine,F,2887
Leonora,F,2884
Shantell,F,2882
Lavon,F,2882
Kenyatta,F,2880
Taya,F,2879
Jerrica,F,2879
Jennifer,M,2873
Omarion,M,2873
Case,M,2872
Mickey,F,2872
Konner,M,2867
Aydin,M,2866
Stone,M,2866
Yamilet,F,2860
Karsyn,F,2859
Yitzchok,M,2859
Ayleen,F,2856
Elianna,F,2855
Bradyn,M,2854
Linsey,F,2853
Oren,M,2851
Jewel,M,2844
Carleen,F,2841
Una,F,2841
Janiah,F,2841
Valentine,M,2840
Meyer,M,2840
Junius,M,2839
Collette,F,2835
Jaleel,M,2833
Constantine,M,2831
Priscila,F,2830
Jalynn,F,2824
Vladimir,M,2823
Tomeka,F,2821
Gerri,F,2821
Austyn,M,2819
Cruz,F,2818
Jocelyne,F,2817
Stanford,M,2816
Ambrose,M,2815
Ean,M,2813
Twyla,F,2806
Rylee,M,2806
Lailah,F,2806
Tayla,F,2802
Easter,F,2801
Luka,M,2799
Zaniyah,F,2794
Kandy,F,2793
Nikolai,M,2791
Rory,F,2790
Natali,F,2790
Raiden,M,2786
Stephenie,F,2785
Jaheim,M,2784
Homero,M,2781
Antione,M,2779
Savion,M,2779
Dian,F,2778
Jailyn,F,2776
Leone,F,2771
Marin,F,2770
Anisa,F,2769
Dominga,F,2763
Keyshawn,M,2761
Averi,F,2761
Shmuel,M,2758
Isadore,M,2757
Mittie,F,2757
Shoshana,F,2757
Kash,M,2756
Shlomo,M,2755
Kya,F,2753
Pilar,F,2752
Briella,F,2752
Casie,F,2750
Wilber,M,2748
Taniyah,F,2747
Joey,F,2742
Madden,M,2741
Jose,F,2739
Margarette,F,2737
Anjelica,F,2736
Brea,F,2735
Julisa,F,2734
Jaylen,F,2729
Memphis,M,2728
Maria,M,2727
Talan,M,2726
Odell,F,2725
Darcie,F,2716
Keara,F,2715
Zavier,M,2714
Kylah,F,2707
Trena,F,2706
Verne,M,2700
Jeromy,M,2699
Malaya,F,2699
Arlen,M,2699
Joseluis,M,2695
Deandra,F,2694
Teagan,M,2691
Mitch,M,2690
Rayne,F,2689
Pennie,F,2688
Jaren,M,2686
Neha,F,2683
Jesica,F,2681
Zainab,F,2677
Aloysius,M,2676
Farah,F,2675
Hezekiah,M,2671
Myranda,F,2670
Louann,F,2668
Tiera,F,2668
Erasmo,M,2665
Santo,M,2664
Artis,M,2664
Joellen,F,2658
Idella,F,2656
Stephani,F,2655
Johnpaul,M,2653
Sherita,F,2652
Bilal,M,2649
Paulo,M,2649
Herminia,F,2646
Racquel,F,2643
Daisha,F,2643
Marcellus,M,2640
Alyssia,F,2640
Toney,M,2639
Lillianna,F,2636
Joselin,F,2635
Yessica,F,2629
Adyson,F,2626
Arther,M,2625
Nicki,F,2625
Killian,M,2624
Lovie,F,2620
Marcello,M,2619
Shimon,M,2618
Kati,F,2616
Antone,M,2615
Gwyneth,F,2613
Alexandre,M,2611
Venita,F,2611
Corrina,F,2607
Anitra,F,2605
Mirna,F,2605
Dominque,F,2602
Jerrie,F,2601
Randy,F,2601
Tarah,F,2597
Deneen,F,2594
Chanelle,F,2592
Sunshine,F,2591
Shanon,F,2590
Karim,M,2590
Juwan,M,2590
Channing,M,2588
Debrah,F,2586
Glynn,M,2584
Kaeden,M,2579
Sawyer,F,2576
Kaylan,F,2576
Tawanna,F,2574
Alaysia,F,2567
Brandyn,M,2567
Shanell,F,2565
Annalisa,F,2564
Laylah,F,2562
Iman,F,2562
Soraya,F,2559
Denisha,F,2558
Jevon,M,2558
Porsha,F,2557
Hali,F,2556
Kevin,F,2554
Palmer,M,2554
Whitney,M,2553
Hadassah,F,2549
Brain,M,2546
Hettie,F,2544
Makai,M,2543
Christophe,M,2543
Ona,F,2541
Leighton,F,2540
Zulema,F,2539
Sheridan,F,2538
Nereida,F,2536
Kirstie,F,2535
Citlali,F,2532
Reinaldo,M,2529
Paityn,F,2527
Shay,F,2527
Novella,F,2526
Dorcas,F,2525
Yamileth,F,2523
Shad,M,2521
Kendyl,F,2519
Lorelai,F,2518
Jonnie,F,2517
Jenni,F,2517
Jaquelin,F,2516
Fawn,F,2516
Mylee,F,2515
Katlynn,F,2512
Kenisha,F,2511
Winford,M,2510
Aleta,F,2510
Torrey,M,2509
Cody,F,2509
Melonie,F,2509
Charli,F,2508
Waymon,M,2506
Santa,F,2506
Bridger,M,2506
Dedrick,M,2506
Annelise,F,2503
Delfina,F,2501
Kyree,M,2499
Art,M,2496
Era,F,2496
Shon,M,2496
Dylon,M,2492
Annabell,F,2492
Dori,F,2491
Tenley,F,2490
Karmen,F,2488
Diya,F,2488
Sherwood,M,2486
Lianna,F,2483
Derrell,M,2482
Tyquan,M,2480
Soledad,F,2479
Murphy,M,2477
Yair,M,2474
Franklyn,M,2471
Tegan,F,2469
Yulissa,F,2469
Aya,F,2468
Toya,F,2465
Debi,F,2464
Carroll,F,2464
Lizabeth,F,2462
Patricio,M,2462
Fredy,M,2462
Ephraim,M,2459
Quiana,F,2459
Cain,M,2459
Westley,M,2457
Tavon,M,2457
Zahra,F,2455
Giavanna,F,2453
Symone,F,2451
Blanch,F,2451
Konnor,M,2451
Harmon,M,2450
Josefa,F,2448
Alvis,M,2448
Jerilyn,F,2446
Gaige,M,2438
Cydney,F,2438
Jeramy,M,2438
Gisele,F,2438
Janeth,F,2437
Zola,F,2434
Florene,F,2433
Edd,M,2433
Jordin,F,2433
Ferne,F,2431
Lars,M,2431
Alexys,F,2430
Laron,M,2429
Tangela,F,2429
Shavon,F,2426
Chelsi,F,2425
Aarav,M,2425
Kattie,F,2424
Warner,M,2424
Derik,M,2424
Emmie,F,2423
Meryl,F,2419
Kacy,F,2418
Alyvia,F,2414
Mindi,F,2414
Kyndal,F,2413
Emmalyn,F,2406
Alexander,F,2405
Rona,F,2403
Albina,F,2402
Ishmael,M,2400
Zuri,F,2400
Gauge,M,2399
Ryne,M,2394
Amarion,M,2394
Cambria,F,2393
Zina,F,2391
Jasiah,M,2388
Yandel,M,2386
Darrion,M,2384
Faustino,M,2383
Miguelangel,M,2383
Jade,M,2381
Dequan,M,2379
Harlee,F,2378
Donita,F,2377
Franchesca,F,2376
Mellisa,F,2375
Dickie,M,2374
Javonte,M,2366
Gayle,M,2359
Malika,F,2358
Burt,M,2358
Cinda,F,2358
Braedon,M,2356
Meghann,F,2356
Carlotta,F,2356
Yousef,M,2355
Martez,M,2355
Carolynn,F,2353
Karri,F,2352
Harper,M,2349
Dedra,F,2349
Candis,F,2349
Sal,M,2348
Shae,F,2347
Tremaine,M,2346
Rayan,M,2346
Gracelynn,F,2344
Ameer,M,2343
Daxton,M,2341
Billy,F,2337
Gisela,F,2336
Desire,F,2336
Zora,F,2332
Alayah,F,2330
Hasan,M,2329
Rylan,F,2329
Lanette,F,2329
Vincenza,F,2329
Sherie,F,2327
Cassondra,F,2327
Brian,F,2327
Pranav,M,2326
Nikia,F,2326
Christene,F,2323
Azucena,F,2323
Meg,F,2322
Analia,F,2322
Johnson,M,2321
Britton,M,2317
Monet,F,2317
Juancarlos,M,2316
Chace,M,2316
Marvel,F,2315
Gil,M,2314
Devorah,F,2314
Azul,F,2312
Val,M,2310
Joseline,F,2308
Cristofer,M,2306
Joanie,F,2304
Baron,M,2304
Shirlene,F,2304
Anders,M,2302
Hayward,M,2301
Dock,M,2301
Markell,M,2300
Eden,M,2300
Norine,F,2299
Sheyla,F,2296
Porfirio,M,2295
Brandon,F,2293
Immanuel,M,2290
Williams,M,2288
Amparo,F,2287
Miller,M,2287
Mikala,F,2287
Jannette,F,2284
Shasta,F,2282
Shani,F,2282
Margarett,F,2280
Tristen,F,2280
Jewell,M,2279
Brannon,M,2279
Carie,F,2279
Garett,M,2278
Vianey,F,2278
Cristin,F,2277
Adria,F,2276
Arlo,M,2276
Tenisha,F,2274
Mechelle,F,2274
China,F,2274
Shanita,F,2273
Markel,M,2271
Vidal,M,2270
Mika,F,2266
Tresa,F,2266
Ottis,M,2265
Vergie,F,2264
Gaven,M,2261
Karolyn,F,2258
Krish,M,2257
Arlette,F,2254
Amado,M,2254
Shanelle,F,2253
Buffy,F,2253
Brittny,F,2253
Georgene,F,2251
Giada,F,2251
Garrick,M,2250
Armida,F,2250
Anibal,M,2248
Ira,F,2248
Samiyah,F,2247
Charissa,F,2245
Brandt,M,2244
Jamia,F,2241
Reilly,M,2233
Justyn,M,2232
Ronna,F,2231
Jailene,F,2230
Chiara,F,2229
Abrianna,F,2229
Kameron,F,2227
Taj,M,2225
Samaria,F,2224
Carin,F,2222
Jaleesa,F,2222
Aletha,F,2221
Sherryl,F,2221
Cherise,F,2220
Jeramiah,M,2217
Estell,F,2217
Deondre,M,2211
Alaya,F,2202
Nicola,F,2200
Jasmyne,F,2200
Rich,M,2199
Brittaney,F,2198
Kalli,F,2198
Niya,F,2197
Gaynell,F,2197
Journee,F,2192
Emersyn,F,2188
Ines,F,2187
Cami,F,2186
Jaslene,F,2186
Anisha,F,2185
Hermon,M,2182
Melvyn,M,2180
Tressa,F,2177
Kolten,M,2176
Eric,F,2176
Rubie,F,2176
Treyvon,M,2172
Jerimiah,M,2170
Jadyn,M,2169
Lynwood,M,2166
Patricia,M,2165
Arden,F,2163
Maud,F,2163
Geovanni,M,2160
Cary,F,2159
Alisson,F,2158
Odalys,F,2156
Orpha,F,2155
Avraham,M,2153
Kalvin,M,2152
Chrissy,F,2151
Caesar,M,2151
Hardy,M,2150
Chet,M,2145
Vivien,F,2145
Neveah,F,2145
Rishi,M,2142
Naima,F,2141
Afton,F,2140
River,F,2139
Clemente,M,2139
Krysten,F,2138
Duke,M,2138
Kiarra,F,2138
Lylah,F,2137
Jackelyn,F,2136
Edmundo,M,2135
Karolina,F,2130
Audrianna,F,2130
Tressie,F,2129
Jasen,M,2128
Loriann,F,2128
Maxie,M,2126
Blakely,F,2124
Luigi,M,2124
Gaetano,M,2123
Trystan,M,2122
Kelley,M,2118
Zaid,M,2115
Sanai,F,2114
Magali,F,2114
Beckham,M,2114
Arian,M,2113
Samatha,F,2112
Jelani,M,2111
Amador,M,2111
Nilda,F,2110
Lavina,F,2109
Shara,F,2109
Analisa,F,2108
Bayleigh,F,2106
Leatha,F,2106
Braylee,F,2105
Jeremie,M,2104
Jakobe,M,2102
Maile,F,2102
Jessica,M,2102
Jerica,F,2101
Noa,F,2101
Abdiel,M,2101
Sarita,F,2100
Reece,F,2099
Santos,F,2099
Lu,F,2097
Aleigha,F,2097
Trevin,M,2096
Yetta,F,2096
Dusty,F,2094
Jaimee,F,2094
Jonatan,M,2093
Shianne,F,2093
Jaxton,M,2092
Tomasa,F,2091
Tasia,F,2090
Zaira,F,2089
Buck,M,2088
Dorinda,F,2086
Nydia,F,2083
Camryn,M,2082
Jacque,F,2082
Bobbye,F,2082
Chante,F,2078
Lesia,F,2078
Donald,F,2077
Yanira,F,2075
Aiyanna,F,2074
Mallorie,F,2073
Mathilda,F,2070
Dorsey,M,2068
Jeniffer,F,2067
Gustave,M,2066
Tamiko,F,2066
Billye,F,2065
Anneliese,F,2065
Milena,F,2064
Enrico,M,2062
Sami,M,2062
Devonta,M,2062
Justin,F,2062
Jerad,M,2058
Hayes,M,2057
Remy,M,2056
Leighton,M,2054
Lulu,F,2053
Audriana,F,2052
Arnav,M,2051
Eleanora,F,2047
Harland,M,2047
Lanie,F,2046
Kalia,F,2045
Lucious,M,2045
Aidyn,M,2044
Demarion,M,2044
Karleigh,F,2043
Andra,F,2040
Jayceon,M,2040
Santana,M,2039
Tawny,F,2038
Debbra,F,2037
Alfonzo,M,2035
Anastacia,F,2034
Kamari,F,2032
Nechama,F,2031
Roseanna,F,2029
Ayaan,M,2029
Tiarra,F,2026
Romona,F,2024
Jonna,F,2023
Yolonda,F,2023
Lino,M,2020
Montserrat,F,2019
Austin,F,2018
Stephaine,F,2016
Rayshawn,M,2016
Cael,M,2015
Dillion,M,2015
Golda,F,2014
Kamilah,F,2011
Greggory,M,2009
Pricilla,F,2009
Jamiya,F,2008
Maricruz,F,2007
Kamya,F,2007
Cleta,F,2006
Osbaldo,M,2005
Darline,F,2005
Salena,F,2004
Makala,F,2004
Izabelle,F,2004
Westin,M,2003
Harlow,F,2002
Myesha,F,2001
Isaak,M,1998
Azariah,F,1996
Alain,M,1994
Jessy,M,1993
Lauren,M,1990
Kahlil,M,1990
Ariah,F,1989
Ike,M,1988
Nallely,F,1987
Rollin,M,1986
Keyana,F,1985
Kelsey,M,1983
Eldridge,M,1982
Adamaris,F,1982
Jaci,F,1981
Gigi,F,1981
Ora,M,1979
Kasie,F,1977
Sana,F,1976
Lluvia,F,1975
Tamatha,F,1974
Douglass,M,1974
Alexi,F,1974
Berry,M,1973
Haydee,F,1973
Anson,M,1972
Granville,M,1971
Tarik,M,1971
Fisher,M,1969
Donta,M,1969
Daryl,F,1966
Analise,F,1965
Ramsey,M,1965
Shanae,F,1964
Deontae,M,1964
Ananya,F,1962
Rianna,F,1961
Mozell,F,1961
Rochel,F,1961
Latesha,F,1957
Rahul,M,1956
Leslee,F,1956
Avrohom,M,1956
Rileigh,F,1955
Paul,F,1954
Celena,F,1950
Tremayne,M,1950
Faigy,F,1950
Leesa,F,1947
Daija,F,1944
Kayle,F,1942
Keli,F,1941
Jaslyn,F,1941
Shawanda,F,1938
Annalee,F,1938
Ocie,F,1937
Shaniyah,F,1937
Samiya,F,1936
Linette,F,1936
Sharen,F,1935
Marely,F,1935
Kayson,M,1935
Jayvon,M,1933
Landry,M,1933
Emory,F,1933
Montrell,M,1933
Bowen,M,1930
Gitty,F,1929
Gerson,M,1928
Zaniya,F,1928
Tripp,M,1928
Waldo,M,1923
Jaxen,M,1923
Delanie,F,1922
Stefany,F,1922
Donavon,M,1922
Roni,F,1921
Rojelio,M,1920
Enedina,F,1919
Rosina,F,1917
Zariyah,F,1917
Latrell,M,1915
Larue,F,1915
Delano,M,1913
Cristine,F,1913
Kizzy,F,1912
Annaliese,F,1911
Arman,M,1911
Jadiel,M,1909
Donell,M,1907
Brennon,M,1905
Nila,F,1904
Cloe,F,1904
Odin,M,1903
Yara,F,1903
Jayna,F,1903
Isidore,M,1902
Lorenza,M,1901
Tomika,F,1901
Kentrell,M,1900
Braelynn,F,1899
Maiya,F,1899
Trevion,M,1897
Lorinda,F,1896
Isha,F,1896
Yoel,M,1896
Andrew,F,1895
Jamiyah,F,1895
Steven,F,1894
Carolee,F,1892
Kamille,F,1891
Elden,M,1889
Fritz,M,1887
Adison,F,1885
Tabetha,F,1884
Claudie,F,1882
Keren,F,1881
Gannon,M,1881
Lilyanna,F,1881
Tobin,M,1880
Desean,M,1879
Jordynn,F,1879
Rashida,F,1879
Kaelynn,F,1877
Grayson,F,1877
Destany,F,1874
Kensley,F,1874
Teresita,F,1873
Dannielle,F,1871
Janaya,F,1871
Brogan,M,1870
Haden,M,1868
Norene,F,1868
Kamren,M,1866
Alford,M,1865
Rosevelt,M,1864
Dameon,M,1863
Kecia,F,1863
Tzvi,M,1863
Amiah,F,1861
Aundrea,F,1860
Tye,M,1859
Aliah,F,1856
Kristoffer,M,1856
Rina,F,1856
Jalissa,F,1855
Merton,M,1854
Teodoro,M,1854
Johann,M,1850
Rosia,F,1850
Yael,F,1850
Loyce,F,1850
Sylas,M,1849
Angeles,F,1847
Laraine,F,1846
Kimberly,M,1846
Marleen,F,1846
Early,M,1845
Malaki,M,1842
Sanjuana,F,1840
Suzann,F,1840
Kymani,M,1839
Leena,F,1838
Mark,F,1837
Esequiel,M,1837
Marcelle,F,1836
Dejah,F,1836
Kwame,M,1834
Ray,F,1832
Rosalba,F,1830
Ethen,M,1830
Amia,F,1830
Maxie,F,1827
Florentino,M,1825
Walton,M,1824
Eusebio,M,1823
Yarely,F,1822
Drema,F,1822
Dorian,F,1820
Dalilah,F,1820
Jovita,F,1820
Cailey,F,1820
Mohamad,M,1819
Jammie,F,1818
Avah,F,1817
Guido,M,1816
Ajay,M,1816
Vita,F,1813
Melton,M,1812
Justen,M,1811
Stanton,M,1811
Bishop,M,1809
Arleth,F,1808
Kailynn,F,1808
Tamya,F,1806
Fransisco,M,1805
Aubrianna,F,1804
Magen,F,1803
Stetson,M,1801
Lilith,F,1798
Louvenia,F,1795
Salomon,M,1795
Ishaan,M,1793
Kaylene,F,1792
Aaron,F,1788
Alora,F,1788
Yael,M,1788
Azalea,F,1787
Cailin,F,1787
Rosio,F,1784
Albin,M,1783
Mayte,F,1782
Haskell,M,1781
Citlaly,F,1781
Avi,M,1781
Florencio,M,1780
Keyonna,F,1779
Shaneka,F,1779
Felice,F,1779
Sahara,F,1778
Amar,M,1774
Elease,F,1773
Sedrick,M,1772
Jaydin,M,1772
Jeanetta,F,1772
Chase,F,1769
Ronin,M,1766
Makiyah,F,1766
Tavares,M,1766
Dreama,F,1764
Timothy,F,1764
Linda,M,1763
Urijah,M,1763
Bernice,M,1763
Ciarra,F,1762
Crista,F,1761
Deisy,F,1761
Kairi,F,1760
Maybelle,F,1760
Mirella,F,1758
Callum,M,1757
Antonella,F,1756
Ailyn,F,1755
Kalen,M,1755
Jaidyn,M,1754
Lizet,F,1754
Sebastien,M,1752
Makhi,M,1750
Merlyn,M,1750
Beverly,M,1749
Cherri,F,1747
Keanna,F,1744
Kalee,F,1744
Suzy,F,1743
Lexis,F,1742
Elwin,M,1741
Aedan,M,1740
Kadeem,M,1739
Jaycob,M,1737
Jere,M,1737
Carri,F,1736
Shiela,F,1731
Kirby,F,1730
Ninfa,F,1729
Slade,M,1729
Pinkie,F,1726
Gearld,M,1726
Keyanna,F,1725
Lavada,F,1724
Delvin,M,1723
Mahogany,F,1722
Ryley,M,1721
Melony,F,1721
Kyson,M,1720
Blas,M,1720
Edward,F,1720
Laniya,F,1719
Paolo,M,1719
Zev,M,1718
Charleigh,F,1715
Tatum,M,1715
Abbygail,F,1712
Izayah,M,1711
Meir,M,1710
Deric,M,1710
Aditi,F,1709
Maliah,F,1709
Alek,M,1708
Allisson,F,1708
Dajuan,M,1705
Colter,M,1705
Evonne,F,1704
Alli,F,1703
Lilyan,F,1703
Makiya,F,1703
Manny,M,1702
Kyron,M,1700
Jesus,F,1700
Angelic,F,1700
Jacquelynn,F,1698
Jonathan,F,1698
Domenica,F,1697
Brookelyn,F,1696
Emmaline,F,1696
Jessa,F,1695
Jacie,F,1694
Dilan,M,1694
Velia,F,1693
Boris,M,1693
Harlie,F,1690
Melvina,F,1689
Trayvon,M,1686
Caydence,F,1683
Melia,F,1683
Kaytlin,F,1681
Damari,M,1677
Latoria,F,1677
Nailah,F,1676
Kamryn,M,1675
Jovanna,F,1674
Leigh,M,1673
Kendell,M,1672
Chava,F,1671
Wally,M,1669
Brittnee,F,1669
Edsel,M,1668
Kenji,M,1661
Denzil,M,1660
Jered,M,1660
Leobardo,M,1659
Kenyatta,M,1658
Augustin,M,1657
Yuridia,F,1656
Marylin,F,1656
Milana,F,1656
Rafaela,F,1655
Deanthony,M,1655
Garnett,M,1653
Debbi,F,1653
Sofie,F,1651
Risa,F,1651
Dionte,M,1651
Marielle,F,1650
Baldemar,M,1650
Renea,F,1649
Marge,F,1648
Calli,F,1647
Idell,F,1646
Tarsha,F,1645
Carrol,F,1644
Campbell,M,1643
Gracyn,F,1643
Rana,F,1642
Halley,F,1639
Payten,F,1639
Mikael,M,1638
Makaylah,F,1638
Ariyana,F,1638
Kimberli,F,1637
Ever,M,1637
Odalis,F,1636
Laquisha,F,1635
Haiden,M,1635
Genoveva,F,1635
Codey,M,1635
Nayely,F,1634
Tyanna,F,1634
Malorie,F,1633
Makenzi,F,1633
Simona,F,1633
Malcom,M,1633
Soleil,F,1633
Damarcus,M,1633
Nidia,F,1632
Elizabeth,M,1632
Florian,M,1632
Kyara,F,1631
Baylie,F,1629
Kenneth,F,1629
Ammon,M,1629
Wardell,M,1628
Landry,F,1627
Palma,F,1626
Samya,F,1626
Sudie,F,1625
Tiesha,F,1624
Kyan,M,1622
Laniyah,F,1622
Allegra,F,1622
Marko,M,1621
Domenico,M,1621
Isamar,F,1621
Callen,M,1620
Tamie,F,1619
Eartha,F,1619
Geovanny,M,1617
Isreal,M,1615
Willene,F,1613
Lamarcus,M,1611
Alanah,F,1610
Addilyn,F,1609
Nalani,F,1608
Catarina,F,1607
Kegan,M,1607
Jai,M,1606
Dionna,F,1605
Fonda,F,1604
Amit,M,1603
Bryleigh,F,1603
Baila,F,1603
Kiya,F,1602
Marni,F,1601
Mahlon,M,1601
Shavonne,F,1601
Casen,M,1600
Vivianna,F,1599
Honesty,F,1597
Liane,F,1595
Natosha,F,1595
Simran,F,1594
Lindsay,M,1594
Aviana,F,1592
Emalee,F,1591
Ria,F,1591
Rutha,F,1591
Delphia,F,1590
Gian,M,1589
Laurene,F,1589
Lashunda,F,1588
Furman,M,1587
Cielo,F,1585
Arianne,F,1585
Jaycie,F,1584
Lennon,M,1583
Loy,M,1580
Corene,F,1580
Jeramie,M,1579
Idalia,F,1579
Daniele,F,1578
Elba,F,1578
Dhruv,M,1577
Sahil,M,1576
Raekwon,M,1575
Raylene,F,1575
Marita,F,1574
Betty,M,1573
Kael,M,1573
Rosalva,F,1572
Dillard,M,1572
Dov,M,1572
Barbara,M,1572
Zena,F,1571
Alessia,F,1571
Charisma,F,1569
Geronimo,M,1569
Remi,F,1568
Spenser,M,1567
Demetra,F,1567
Winnifred,F,1565
Marcell,M,1565
Candelario,M,1565
Britt,M,1563
Saanvi,F,1563
Kindra,F,1562
Yakov,M,1561
Alda,F,1561
Sharee,F,1561
Saira,F,1561
Trae,M,1561
Kenyetta,F,1560
Gissel,F,1560
Jemma,F,1560
Thomasina,F,1559
Kailani,F,1559
Matilde,F,1557
Rosaura,F,1556
Dennise,F,1556
Jarrell,M,1556
Cyndi,F,1556
Shaquana,F,1555
Jacinto,M,1554
Rupert,M,1554
Angus,M,1554
Izabel,F,1554
Jesusa,F,1554
Garfield,M,1553
Americo,M,1552
Dyllan,M,1552
Merissa,F,1552
Suellen,F,1552
Loni,F,1551
Zula,F,1549
Kynlee,F,1549
Cassius,M,1548
Latia,F,1547
Eamon,M,1547
Mirian,F,1546
Elayne,F,1545
Laisha,F,1545
Yaneli,F,1545
Elzie,M,1544
Annamae,F,1541
Leander,M,1540
Rashaad,M,1539
Shaquita,F,1539
Maite,F,1539
Anish,M,1539
Magda,F,1539
Ashlea,F,1539
Chelsy,F,1538
Qiana,F,1538
Aniah,F,1538
Chantell,F,1538
Clarance,M,1536
Sariyah,F,1535
Marty,F,1535
Elayna,F,1534
Jersey,F,1533
Eliyahu,M,1532
Mackenna,F,1531
Tracee,F,1530
Aubri,F,1530
Alliyah,F,1526
Bonnie,M,1526
Edie,F,1524
Citlalli,F,1522
Naya,F,1520
Krystin,F,1520
Najee,M,1519
Rian,M,1519
Janene,F,1518
Sibyl,F,1517
Michelle,M,1517
Abrielle,F,1517
Ricki,F,1516
Kadyn,M,1516
Shay,M,1514
Dariana,F,1511
Clarisa,F,1511
Kierstin,F,1509
Bernita,F,1509
Kloe,F,1508
Fidencio,M,1507
Ambar,F,1507
Annamaria,F,1507
Ayah,F,1507
Luiz,M,1507
Dayanna,F,1505
Brissa,F,1505
Zaida,F,1504
Cortney,M,1504
Nikko,M,1503
Promise,F,1503
Kelis,F,1502
Obed,M,1502
Brookelynn,F,1502
Luc,M,1502
Evan,F,1500
Lucie,F,1500
Sloan,F,1500
Tavion,M,1499
Kay,M,1498
Breeanna,F,1497
Carleton,M,1497
Rueben,M,1497
Jacobo,M,1496
Deedee,F,1496
Pascual,M,1496
Josselyn,F,1495
Devontae,M,1494
Romaine,F,1494
Jeremey,M,1493
Sharif,M,1492
Marley,M,1492
Luana,F,1492
Shawnee,F,1491
Jacobi,M,1490
Maxx,M,1490
Phylicia,F,1489
Prudence,F,1489
Melani,F,1489
Jefferey,M,1488
Elina,F,1487
Sameer,M,1483
Hedwig,F,1482
Anselmo,M,1481
Obie,M,1480
Clyde,F,1479
Janya,F,1478
Claudie,M,1478
Earlean,F,1477
Shaelyn,F,1477
Karan,F,1477
Kamora,F,1476
Reynold,M,1476
Khadija,F,1475
Jakub,M,1475
Jennings,M,1474
Robb,M,1473
Ely,M,1473
Briar,M,1472
Flavio,M,1471
Jaya,F,1471
Taina,F,1469
Lavonda,F,1469
Treyton,M,1468
Tamala,F,1467
Colby,F,1466
Javen,M,1465
Trenten,M,1465
Favian,M,1465
Derwin,M,1464
Gizelle,F,1464
Lyric,M,1462
Bethann,F,1461
Christel,F,1460
Silvestre,M,1459
Hamilton,M,1459
Lorne,M,1459
Lorenza,F,1458
Eulalia,F,1458
Shemar,M,1458
Ford,M,1458
Nichol,F,1457
Kalynn,F,1457
Belia,F,1457
Velva,F,1456
Marcelina,F,1455
Juan,F,1454
Jordana,F,1453
Saylor,F,1453
Alvie,M,1452
Keily,F,1451
Sabastian,M,1451
Felipa,F,1450
Marivel,F,1449
Ceasar,M,1449
Torrance,M,1447
Taraji,F,1446
Jericho,M,1446
Rudolfo,M,1446
Macario,M,1445
Shivani,F,1444
Malak,F,1443
Kathlyn,F,1443
Bertrand,M,1443
Luvenia,F,1443
Myriam,F,1441
Elna,F,1440
Filiberto,M,1439
Jaydan,M,1436
Karime,F,1436
Yesica,F,1436
Elin,F,1434
Montana,M,1434
Lennie,F,1434
Kellee,F,1433
Willia,F,1433
Candida,F,1433
Clare,M,1431
Tennille,F,1430
Kathryne,F,1430
Demetri,M,1430
Jeraldine,F,1430
Lucila,F,1430
General,M,1429
Barbie,F,1429
Levon,M,1428
Marti,F,1428
Briseida,F,1427
Elicia,F,1427
Wynter,F,1426
Esta,F,1426
Baltazar,M,1426
Halee,F,1426
Adelaida,F,1426
Adella,F,1425
Taisha,F,1425
Haily,F,1425
Kirt,M,1424
Vienna,F,1423
Adelle,F,1422
Maddie,F,1422
Adrain,M,1422
Sigmund,M,1421
Rayden,M,1420
Alonza,M,1420
Jettie,F,1418
Rolanda,F,1418
Jacinda,F,1418
Fausto,M,1417
Amyah,F,1416
Kalea,F,1416
